id,lat,lon,name,address,neighborhood,city,type,capacity,is_public,sources,notes
1,31.789386,35.223148,מקלט ציבורי מספר 626,ברוך רפפורט 22,בית ישראל,Jerusalem,מחסה - הכי מוגן שיש,80,True,jerusalem_ckan_2025,
2,31.76538,35.226214,מקלט ציבורי מספר 678,נחשון 3,אבו-טור,Jerusalem,מחסה - הכי מוגן שיש,32,True,"jerusalem_ckan_2025,jerusalem_github_2024",
3,31.793923,35.217208,מקלט ציבורי מספר 608,אדניהו הכהן 44,בוכרים,Jerusalem,מחסה - הכי מוגן שיש,320,True,"jerusalem_ckan_2025,jerusalem_github_2024",
4,31.79229,35.217675,מקלט ציבורי מספר 609,ישא ברכה 23,בוכרים,Jerusalem,מקלט,200,True,"jerusalem_ckan_2025,jerusalem_github_2024",
5,31.792594,35.218836,מקלט ציבורי מספר 610,פישל אהרן 10,בוכרים,Jerusalem,מחסה - הכי מוגן שיש,32,True,"jerusalem_ckan_2025,jerusalem_github_2024",
6,31.793161,35.220885,מקלט ציבורי מספר 611,בן ציון גול 11,בוכרים,Jerusalem,מחסה - הכי מוגן שיש,120,True,"jerusalem_ckan_2025,jerusalem_github_2024",
7,31.78988,35.22089,מקלט ציבורי מספר 612,יואל 16,בוכרים,Jerusalem,מקלט,40,True,"jerusalem_ckan_2025,jerusalem_github_2024",
8,31.79121,35.21967,מקלט ציבורי מספר 620,יחזקאל 27,בוכרים,Jerusalem,מחסה - הכי מוגן שיש,40,True,"jerusalem_ckan_2025,jerusalem_github_2024",
9,31.791719,35.214863,מקלט ציבורי מספר 910,עובדיה 22,בוכרים,Jerusalem,מקלט,80,True,"jerusalem_ckan_2025,jerusalem_github_2024",
10,31.77513,35.190418,מקלט ציבורי מספר 744,הבנאי 4,בית הכרם,Jerusalem,מקלט,136,True,"jerusalem_ckan_2025,jerusalem_github_2024",
11,31.777535,35.192219,מקלט ציבורי מספר 745,הבנאי 30,בית הכרם,Jerusalem,מקלט,136,True,"jerusalem_ckan_2025,jerusalem_github_2024",
12,31.765912,35.18298,מקלט ציבורי מספר 742,שערי תורה 7,בית וגן,Jerusalem,מקלט,216,True,"jerusalem_ckan_2025,jerusalem_github_2024",
13,31.769265,35.18452,מקלט ציבורי מספר 743,בית וגן 39,בית וגן,Jerusalem,מקלט,92,True,"jerusalem_ckan_2025,jerusalem_github_2024",
14,31.792087,35.223236,​מקלט ציבורי מספר 908,שמשון פולנסקי 22,בית ישראל,Jerusalem,מקלט,80,True,"jerusalem_ckan_2025,jerusalem_github_2024",
15,31.792432,35.222439,מקלט ציבורי מספר 613,שמשון פולנסקי 14,בית ישראל,Jerusalem,מחסה - הכי מוגן שיש,224,True,"jerusalem_ckan_2025,jerusalem_github_2024,jerusalem_datacity_2025",
16,31.788641,35.223826,מקלט ציבורי מספר 625,שערי שמים 22,בית ישראל,Jerusalem,מחסה - הכי מוגן שיש,32,True,"jerusalem_ckan_2025,jerusalem_github_2024",
17,31.788071,35.224149,מקלט ציבורי מספר 628,עמלים 8,בית ישראל,Jerusalem,מחסה - הכי מוגן שיש,32,True,"jerusalem_ckan_2025,jerusalem_github_2024",
18,31.791203,35.221396,מקלט ציבורי מספר 841,יואל 25,בית ישראל,Jerusalem,מקלט,80,True,"jerusalem_ckan_2025,jerusalem_github_2024",
19,31.761907,35.22128,​מקלט ציבורי מספר 984,​יעל 11,בקעה,Jerusalem,מקלט,128,True,"jerusalem_ckan_2025,jerusalem_github_2024",
20,31.755178,35.217005,​מקלט ציבורי מספר 980,​רבקה 22,בקעה,Jerusalem,מקלט,80,True,jerusalem_ckan_2025,
21,31.757559,35.220897,מקלט ציבורי מספר ​995,​לוי 3,בקעה,Jerusalem,מקלט,80,True,"jerusalem_ckan_2025,jerusalem_github_2024",
22,31.759518,35.218829,מקלט ציבורי מספר 682,ראובן 14,בקעה,Jerusalem,מקלט,108,True,"jerusalem_ckan_2025,jerusalem_github_2024",
23,31.760022,35.223526,מקלט ציבורי מספר 683,דרך חברון 54,בקעה,Jerusalem,מקלט,136,True,"jerusalem_ckan_2025,jerusalem_github_2024",
24,31.759161,35.222965,מקלט ציבורי מספר 684,אסתר המלכה 6,בקעה,Jerusalem,מקלט,236,True,"jerusalem_ckan_2025,jerusalem_github_2024",
25,31.757224,35.221995,מקלט ציבורי מספר 685,מרדכי היהודי 6,בקעה,Jerusalem,מקלט,160,True,jerusalem_ckan_2025,
26,31.759686,35.219893,מקלט ציבורי מספר 836,​מנשה 27,בקעה,Jerusalem,מקלט,80,True,"jerusalem_ckan_2025,jerusalem_github_2024",
27,31.789719,35.219626,מקלט ציבורי מספר ​621,הושע 8,גאולה,Jerusalem,מקלט,80,True,"jerusalem_ckan_2025,jerusalem_github_2024",
28,31.787687,35.221033,מקלט ציבורי מספר 635,עבודת ישראל 15,גאולה,Jerusalem,מחסה - הכי מוגן שיש,32,True,"jerusalem_ckan_2025,jerusalem_github_2024",
29,31.787737,35.219978,מקלט ציבורי מספר 637,נחמן מברלסב 18,גאולה,Jerusalem,מקלט,80,True,"jerusalem_ckan_2025,jerusalem_github_2024",
30,31.791514,35.217217,מקלט ציבורי מספר 830,צפניה 25,גאולה,Jerusalem,מקלט,80,True,"jerusalem_ckan_2025,jerusalem_github_2024",
31,31.790388,35.211293,מקלט ציבורי מספר 904,הזית 7,גאולה,Jerusalem,מקלט,100,True,"jerusalem_ckan_2025,jerusalem_github_2024",
32,31.792354,35.221682,מקלט ציבורי מספר 614,שלמה מוסיוף 16,גאולה,Jerusalem,מחסה - הכי מוגן שיש,32,True,"jerusalem_ckan_2025,jerusalem_github_2024",
33,31.788255,35.2218,מקלט ציבורי מספר 623,זכריה הרופא 14,גאולה,Jerusalem,מחסה - הכי מוגן שיש,32,True,jerusalem_ckan_2025,
34,31.761364,35.201088,מקלט ציבורי מספר 715,דוד שמעוני 52,גבעת הורדים (רסקו),Jerusalem,מקלט,144,True,"jerusalem_ckan_2025,jerusalem_github_2024",
35,31.765473,35.207292,מקלט ציבורי מספר 949,הטייסים 33,גבעת הורדים (רסקו),Jerusalem,מקלט,80,True,"jerusalem_ckan_2025,jerusalem_github_2024",
36,31.790668,35.191946,מקלט ציבורי מספר 808,נג'ארה ישראל 27,גבעת שאול,Jerusalem,מקלט,80,True,jerusalem_ckan_2025,
37,31.765359,35.204973,מקלט ציבורי מספר 700 מקלט נגיש,דוד שמעוני 15,גוננים,Jerusalem,מחסה - הכי מוגן שיש,67,True,"jerusalem_ckan_2025,jerusalem_github_2024",
38,31.805711,35.241632,מקלט ציבורי מספר 998,אבא ברדיצב 6,הגבעה הצרפתית,Jerusalem,מקלט,80,True,"jerusalem_ckan_2025,jerusalem_github_2024",
39,31.761858,35.215223,מקלט ציבורי מספר 694,אמציה 1,המושבה הגרמנית,Jerusalem,מחסה - הכי מוגן שיש,160,True,"jerusalem_ckan_2025,jerusalem_github_2024",
40,31.762314,35.215566,מקלט ציבורי מספר 695,אמציה 2,המושבה הגרמנית,Jerusalem,מקלט,200,True,jerusalem_ckan_2025,
41,31.787413,35.217579,מקלט ציבורי מספר 928,פרי חדש 8,זכרון משה,Jerusalem,מקלט,104,True,"jerusalem_ckan_2025,jerusalem_github_2024",
42,31.774061,35.219532,מקלט ציבורי מספר 656,קרן היסוד 19,טלביה,Jerusalem,מחסה - הכי מוגן שיש,200,True,"jerusalem_ckan_2025,jerusalem_github_2024",
43,31.770143,35.217002,מקלט ציבורי מספר 807,דישראלי בנימין 7,טלביה,Jerusalem,מקלט,92,True,jerusalem_ckan_2025,
44,31.785818,35.224599,מקלט ציבורי מספר 632,מאה שערים 87,מאה שערים,Jerusalem,מקלט,64,True,"jerusalem_ckan_2025,jerusalem_github_2024,jerusalem_datacity_2025",
45,31.786493,35.225395,מקלט ציבורי מספר 826,אוצר הספרים 6,מאה שערים,Jerusalem,מקלט,120,True,"jerusalem_ckan_2025,jerusalem_github_2024",
46,31.782387,35.226589,מקלט ציבורי מספר 653,משמרות 3,מורשה,Jerusalem,מחסה - הכי מוגן שיש,32,True,"jerusalem_ckan_2025,jerusalem_github_2024",
47,31.783101,35.226404,מקלט ציבורי מספר 751,"הע""ח 10",מורשה,Jerusalem,מקלט,80,True,"jerusalem_ckan_2025,jerusalem_github_2024",
48,31.781554,35.226773,מקלט ציבורי מספר 752,"הע""ח 21",מורשה,Jerusalem,מקלט,80,True,"jerusalem_ckan_2025,jerusalem_github_2024",
49,31.785796,35.227098,מקלט ציבורי מספר 753,חיל הנדסה 16,מורשה,Jerusalem,מקלט,80,True,"jerusalem_ckan_2025,jerusalem_github_2024",
50,31.786181,35.210488,מקלט ציבורי מספר 646,מני אליהו 4,מחנה יהודה,Jerusalem,מחסה - הכי מוגן שיש,32,True,"jerusalem_ckan_2025,jerusalem_github_2024",
51,31.783366,35.209398,מקלט ציבורי מספר 648,נהר פרת 15,מחנה יהודה,Jerusalem,מקלט,188,True,"jerusalem_ckan_2025,jerusalem_github_2024",
52,31.782998,35.213602,מקלט ציבורי מספר 821,עיניים למשפט 24,מחנה יהודה,Jerusalem,מקלט,96,True,"jerusalem_ckan_2025,jerusalem_github_2024",
53,31.782765,35.210559,מקלט ציבורי מספר 935,באר שבע 28,מחנה יהודה,Jerusalem,מקלט,136,True,"jerusalem_ckan_2025,jerusalem_github_2024",
54,31.780763,35.211128,מקלט ציבורי מספר 961,אבן ספיר 17,מחנה יהודה,Jerusalem,מקלט,80,True,"jerusalem_ckan_2025,jerusalem_github_2024",
55,31.755606,35.183267,מקלט ציבורי מספר 813,קדושי סטרומה 7,מנחת-מלחה,Jerusalem,מקלט,96,True,"jerusalem_ckan_2025,jerusalem_github_2024",
56,31.789277,35.214243,מקלט ציבורי מספר 641,כפר נחום 25,מקור ברוך,Jerusalem,מקלט,144,True,"jerusalem_ckan_2025,jerusalem_github_2024",
57,31.790598,35.210846,מקלט ציבורי מספר 643,מלכי ישראל 73,מקור ברוך,Jerusalem,מקלט,320,True,"jerusalem_ckan_2025,jerusalem_github_2024",
58,31.788929,35.207338,מקלט ציבורי מספר 812,"רש""י 109",מקור ברוך,Jerusalem,מקלט,88,True,"jerusalem_ckan_2025,jerusalem_github_2024",
59,31.787438,35.208794,מקלט ציבורי מספר 839,"תשב""ץ 14",מקור ברוך,Jerusalem,מקלט,80,True,jerusalem_ckan_2025,
60,31.788827,35.209421,מקלט ציבורי מספר 909,יהודה המכבי 7,מקור ברוך,Jerusalem,מקלט,96,True,"jerusalem_ckan_2025,jerusalem_github_2024",
61,31.785961,35.215218,מקלט ציבורי מספר 639,פינס מיכל 2,מרכז העיר,Jerusalem,מקלט,200,True,jerusalem_ckan_2025,
62,31.784124,35.225727,מקלט ציבורי מספר 652,הנביאים 26,מרכז העיר,Jerusalem,מחסה - הכי מוגן שיש,32,True,"jerusalem_ckan_2025,jerusalem_github_2024",
63,31.783106,35.212857,מקלט ציבורי מספר 932,הגלבוע 38,מרכז העיר,Jerusalem,מקלט,80,True,"jerusalem_ckan_2025,jerusalem_github_2024",
64,31.77791,35.216656,מקלט ציבורי מספר 973,הרב אבידע 5,מרכז העיר,Jerusalem,מקלט,80,True,jerusalem_ckan_2025,
65,31.779883,35.214731,מקלט ציבורי מספר 974,שמואל הנגיד 9,מרכז העיר,Jerusalem,מקלט,80,True,"jerusalem_ckan_2025,jerusalem_github_2024",
66,31.785471,35.2187,מקלט ציבורי מספר 985,שטראוס 13,מרכז העיר,Jerusalem,מקלט,40,True,"jerusalem_ckan_2025,jerusalem_github_2024",
67,31.772181,35.201004,מקלט ציבורי מספר 939 - מקלט נגיש,נוה שאנן 17,נווה שאנן,Jerusalem,מקלט,80,True,"jerusalem_ckan_2025,jerusalem_github_2024",
68,31.779682,35.211197,מקלט ציבורי מספר 657,צפת 21,נחלאות,Jerusalem,מקלט,400,True,jerusalem_ckan_2025,
69,31.797556,35.218725,מקלט ציבורי מספר 602,הסנהדרין 6,סנהדריה,Jerusalem,מקלט,80,True,"jerusalem_ckan_2025,jerusalem_github_2024",
70,31.810397,35.221393,מקלט ציבורי מספר 601,גן סנהדרין 1,סנהדריה,Jerusalem,מחסה - הכי מוגן שיש,36,True,jerusalem_ckan_2025,
71,31.797591,35.220018,מקלט ציבורי מספר 603,הרב בלוי 10,סנהדריה,Jerusalem,מחסה - הכי מוגן שיש,96,True,"jerusalem_ckan_2025,jerusalem_github_2024",
72,31.768426,35.163593,מקלט ציבורי מספר 903,חומת הצלפים 82,עין כרם,Jerusalem,מקלט,96,True,jerusalem_ckan_2025,
73,31.753044,35.172121,מקלט ציבורי מספר 726,הנורית 123,עיר גנים,Jerusalem,מקלט,280,True,"jerusalem_ckan_2025,jerusalem_github_2024",
74,31.752523,35.171552,מקלט ציבורי מספר 726ב',הנורית 125,עיר גנים,Jerusalem,מקלט,96,True,"jerusalem_ckan_2025,jerusalem_github_2024",
75,31.754572,35.170568,מקלט ציבורי מספר 727,הנורית 104 (34),עיר גנים,Jerusalem,מקלט,148,True,"jerusalem_ckan_2025,jerusalem_github_2024",
76,31.754851,35.170178,מקלט ציבורי מספר 728,הנורית 102 (32),עיר גנים,Jerusalem,מקלט,148,True,"jerusalem_ckan_2025,jerusalem_github_2024",
77,31.7535,35.166039,מקלט ציבורי מספר 829,הרקפת 9,עיר גנים ,Jerusalem,מקלט,32,True,"jerusalem_ckan_2025,jerusalem_github_2024",
78,31.753039,35.167032,מקלט ציבורי מספר 840 - מקלט נגיש,קוסטה ריקה 70,עיר גנים,Jerusalem,מקלט,32,True,"jerusalem_ckan_2025,jerusalem_github_2024",
79,31.759271,35.166532,מקלט ציבורי מספר 901,איסלנד 13,עיר גנים,Jerusalem,מקלט,120,True,"jerusalem_ckan_2025,jerusalem_github_2024",
80,31.754874,35.169037,מקלט ציבורי מספר 902,הנורית 29,עיר גנים,Jerusalem,מקלט,200,True,"jerusalem_ckan_2025,jerusalem_github_2024",
81,31.75271,35.171065,מקלט ציבורי מספר 726א',הנורית 124,עיר גנים,Jerusalem,מקלט,80,True,"jerusalem_ckan_2025,jerusalem_github_2024",
82,31.765656,35.212879,מקלט ציבורי מספר 670,בוסתנאי 9,עמק רפאים,Jerusalem,מקלט,112,True,"jerusalem_ckan_2025,jerusalem_github_2024,jerusalem_datacity_2025",
83,31.765064,35.217369,מקלט ציבורי מספר 672,רות 10,עמק רפאים,Jerusalem,מקלט,120,True,"jerusalem_ckan_2025,jerusalem_github_2024",
84,31.780753,35.216299,מקלט ציבורי מספר 673,מלל 3,עמק רפאים,Jerusalem,מקלט,91,True,jerusalem_ckan_2025,
85,31.76617,35.218209,מקלט ציבורי מספר 674,באכר 7,עמק רפאים,Jerusalem,מקלט,120,True,jerusalem_ckan_2025,
86,31.764553,35.220997,מקלט ציבורי מספר 676,אמיל זולא 6,עמק רפאים,Jerusalem,מקלט,80,True,"jerusalem_ckan_2025,jerusalem_github_2024",
87,31.76403,35.221265,מקלט ציבורי מספר 677,וינדהם דידס 6,עמק רפאים,Jerusalem,מקלט,232,True,"jerusalem_ckan_2025,jerusalem_github_2024",
88,31.761462,35.21661,מקלט ציבורי מספר 692,עמק רפאים 60,עמק רפאים,Jerusalem,מחסה - הכי מוגן שיש,200,True,"jerusalem_ckan_2025,jerusalem_github_2024",
89,31.76274,35.214686,מקלט ציבורי מספר 693,יותם 9,עמק רפאים,Jerusalem,מקלט,136,True,"jerusalem_ckan_2025,jerusalem_github_2024",
90,31.760699,35.215233,מקלט ציבורי מספר 697,יהושע בן נון 27,עמק רפאים,Jerusalem,מקלט,128,True,"jerusalem_ckan_2025,jerusalem_github_2024",
91,31.764885,35.219655,מקלט ציבורי מספר 804,המליץ 8,עמק רפאים,Jerusalem,מקלט,80,True,"jerusalem_ckan_2025,jerusalem_github_2024",
92,31.757514,35.210279,מקלט ציבורי מספר 663,האמוראים 6,קטמון,Jerusalem,מחסה - הכי מוגן שיש,48,True,"jerusalem_ckan_2025,jerusalem_github_2024",
93,31.759136,35.21314,מקלט ציבורי מספר 704 - מקלט נגיש,יוחנן בן זכאי 5,קטמון,Jerusalem,מחסה - הכי מוגן שיש,160,True,jerusalem_ckan_2025,
94,31.758353,35.212396,מקלט ציבורי מספר 705,מעגלי יבנה 7,קטמון,Jerusalem,מחסה - הכי מוגן שיש,320,True,"jerusalem_ckan_2025,jerusalem_github_2024,jerusalem_datacity_2025",
95,31.756362,35.209731,מקלט ציבורי מספר 707,"רשב""ג 22",קטמון,Jerusalem,מחסה - הכי מוגן שיש,32,True,"jerusalem_ckan_2025,jerusalem_github_2024",
96,31.757584,35.204809,מקלט ציבורי מספר 709,בן-טבאי 5,קטמון,Jerusalem,מחסה - הכי מוגן שיש,128,True,"jerusalem_ckan_2025,jerusalem_github_2024",
97,31.756397,35.204679,מקלט ציבורי מספר 710,יוחנן בן זכאי 70,קטמון,Jerusalem,מחסה,128,True,jerusalem_ckan_2025,
98,31.755856,35.200149,מקלט ציבורי מספר 714,קנאי הגליל 3,קטמון,Jerusalem,מחסה - הכי מוגן שיש,32,True,"jerusalem_ckan_2025,jerusalem_github_2024",
99,31.754508,35.19383,מקלט ציבורי מספר 718,רבי צדוק 6,קטמון,Jerusalem,מקלט,96,True,"jerusalem_ckan_2025,jerusalem_github_2024",
100,31.756403,35.196666,מקלט ציבורי מספר 755,דב הוז 3,קטמון,Jerusalem,מקלט,80,True,"jerusalem_ckan_2025,jerusalem_github_2024",
101,31.762355,35.210825,מקלט ציבורי מספר 805,יורדי הסירה 21,קטמון,Jerusalem,מקלט,296,True,"jerusalem_ckan_2025,jerusalem_github_2024",
102,31.760776,35.212314,מקלט ציבורי מספר 817,בן גמלא יהושע 7,קטמון,Jerusalem,מקלט,96,True,"jerusalem_ckan_2025,jerusalem_github_2024,jerusalem_datacity_2025",
103,31.755433,35.208615,מקלט ציבורי מספר 824,"רשב""ג 31",קטמון,Jerusalem,מקלט,120,True,"jerusalem_ckan_2025,jerusalem_github_2024",
104,31.75361,35.201669,מקלט ציבורי מספר 825,אלעזר בן יאיר 24,קטמון,Jerusalem,מקלט,120,True,"jerusalem_ckan_2025,jerusalem_github_2024",
105,31.759712,35.213287,מקלט ציבורי מספר 828,הרב חסדא 10,קטמון,Jerusalem,מקלט,80,True,jerusalem_ckan_2025,
106,31.756264,35.195449,מקלט ציבורי מספר 831,דב הוז 7,קטמון,Jerusalem,מקלט,120,True,"jerusalem_ckan_2025,jerusalem_github_2024",
107,31.753118,35.195386,מקלט ציבורי מספר 842,בר יוחאי 8,קטמון,Jerusalem,מקלט,139,True,"jerusalem_ckan_2025,jerusalem_github_2024",
108,31.754305,35.198845,מקלט ציבורי מספר 906,בר יוחאי 2,קטמון,Jerusalem,מקלט,80,True,"jerusalem_ckan_2025,jerusalem_github_2024",
109,31.761854,35.213805,מקלט ציבורי מספר 923,אלעזר המודעי 15,קטמון,Jerusalem,מקלט,80,True,"jerusalem_ckan_2025,jerusalem_github_2024",
110,31.761748,35.209693,מקלט ציבורי מספר 937,חזקיהו המלך 38,קטמון,Jerusalem,מקלט,80,True,jerusalem_ckan_2025,
111,31.753736,35.196366,מקלט ציבורי מספר 965,יצחק שדה 7,קטמון,Jerusalem,מקלט,80,True,jerusalem_ckan_2025,
112,31.758887,35.209264,מקלט ציבורי מספר 967,אנטיגונוס 7,קטמון,Jerusalem,מקלט,80,True,jerusalem_ckan_2025,
113,31.75687,35.208751,מקלט ציבורי מספר 969,יוסי בן יועזר 16,קטמון,Jerusalem,מקלט,80,True,"jerusalem_ckan_2025,jerusalem_github_2024",
114,31.75537,35.191978,מקלט ציבורי מספר 976 - מקלט נגיש,אלמליח אברהם 41,קטמון,Jerusalem,מקלט,40,True,"jerusalem_ckan_2025,jerusalem_github_2024",
115,31.754342,35.192008,מקלט ציבורי מספר 981,אלמליח אברהם 27,קטמון,Jerusalem,מקלט,40,True,jerusalem_ckan_2025,
116,31.759227,35.208981,מקלט ציבורי מספר 987,יוחנן בן זכאי 38,קטמון,Jerusalem,מקלט,80,True,jerusalem_ckan_2025,
117,31.766394,35.208859,מקלט ציבורי מספר 669 - מקלט נגיש,"הפלמ""ח 42",קטמון הישנה,Jerusalem,מחסה - הכי מוגן שיש,104,True,"jerusalem_ckan_2025,jerusalem_github_2024",
118,31.766167,35.213804,מקלט ציבורי מספר 671 - מקלט נגיש,"כ""ט בנובמבר 22",קטמון הישנה,Jerusalem,מקלט,128,True,"jerusalem_ckan_2025,jerusalem_github_2024",
119,31.761292,35.213257,מקלט ציבורי מספר 696,ריש לקיש 3,קטמון הישנה,Jerusalem,מקלט,131,True,"jerusalem_ckan_2025,jerusalem_github_2024",
120,31.75548,35.177323,מקלט ציבורי מספר 721,אורוגוואי 29,קריית היובל,Jerusalem,מקלט,104,True,"jerusalem_ckan_2025,jerusalem_github_2024",
121,31.756375,35.176665,מקלט ציבורי מספר 722,שטרן אברהם 67,קריית היובל,Jerusalem,מקלט,104,True,"jerusalem_ckan_2025,jerusalem_github_2024",
122,31.754245,35.176644,מקלט ציבורי מספר 723- מקלט נגיש,שטרן אברהם 51,קריית היובל,Jerusalem,מקלט,104,True,"jerusalem_ckan_2025,jerusalem_github_2024",
123,31.758373,35.177586,מקלט ציבורי מספר 724,וולטה העלית 9,קריית היובל,Jerusalem,מקלט,72,True,"jerusalem_ckan_2025,jerusalem_github_2024,jerusalem_datacity_2025",
124,31.760743,35.170466,מקלט ציבורי מספר 736,צ'ילה 8,קריית היובל,Jerusalem,מקלט,160,True,"jerusalem_ckan_2025,jerusalem_github_2024",
125,31.760163,35.172098,מקלט ציבורי מספר 737 - מקלט נגיש,יאנוש קורצ'אק 32,קריית היובל,Jerusalem,מקלט,120,True,"jerusalem_ckan_2025,jerusalem_github_2024",
126,31.762178,35.17317,מקלט ציבורי מספר 738,אנילביץ 78,קריית היובל,Jerusalem,מקלט,72,True,"jerusalem_ckan_2025,jerusalem_github_2024",
127,31.766134,35.176046,מקלט ציבורי מספר 739,שמורק 3,קריית היובל,Jerusalem,מקלט,72,True,"jerusalem_ckan_2025,jerusalem_github_2024,jerusalem_datacity_2025",
128,31.76717,35.178289,מקלט ציבורי מספר 740,ישראל זנגוויל 7,קריית היובל,Jerusalem,מחסה - הכי מוגן שיש,72,True,"jerusalem_ckan_2025,jerusalem_github_2024",
129,31.759255,35.177124,מקלט ציבורי מספר 814,וולטה עלית 3,קריית היובל,Jerusalem,מקלט,104,True,"jerusalem_ckan_2025,jerusalem_github_2024",
130,31.765325,35.175298,מקלט ציבורי מספר 815,רבינוביץ אהרון 2,קריית היובל,Jerusalem,מקלט,134,True,"jerusalem_ckan_2025,jerusalem_github_2024,jerusalem_datacity_2025",
131,31.760956,35.174548,מקלט ציבורי מספר 947,סירני 17,קריית היובל,Jerusalem,מחסה,80,True,"jerusalem_ckan_2025,jerusalem_github_2024",
132,31.765836,35.177322,מקלט ציבורי מספר 963,זנגויל ישראל 11,קריית היובל,Jerusalem,מקלט,80,True,"jerusalem_ckan_2025,jerusalem_github_2024",
133,31.757286,35.176022,מקלט ציבורי מספר 964,מאיר גרונולד 8,קריית היובל,Jerusalem,מקלט,144,True,"jerusalem_ckan_2025,jerusalem_github_2024",
134,31.766577,35.177039,מקלט ציבורי מספר 983 - מקלט נגיש,גורדון 10,קריית היובל,Jerusalem,מקלט,80,True,jerusalem_ckan_2025,
135,31.763257,35.177481,מקלט ציבורי מספר 992,אטינגר 19,קריית היובל,Jerusalem,מקלט,80,True,jerusalem_ckan_2025,
136,31.764091,35.174675,מקלט ציבורי מספר 993,קליינמן 3,קריית היובל,Jerusalem,מקלט,80,True,"jerusalem_ckan_2025,jerusalem_github_2024",
137,31.756157,35.165877,מקלט ציבורי מספר 729,דהומיי 7,קריית מנחם,Jerusalem,מקלט,200,True,"jerusalem_ckan_2025,jerusalem_github_2024",
138,31.756964,35.166996,מקלט ציבורי מספר 730,דהומי 3,קריית מנחם,Jerusalem,מקלט,156,True,"jerusalem_ckan_2025,jerusalem_github_2024",
139,31.758777,35.165948,מקלט ציבורי מספר 731,קולומביה 16,קריית מנחם ,Jerusalem,מחסה - הכי מוגן שיש,160,True,"jerusalem_ckan_2025,jerusalem_github_2024",
140,31.758276,35.166793,מקלט ציבורי מספר 732,קולומביה 7,קריית מנחם,Jerusalem,מחסה - הכי מוגן שיש,128,True,"jerusalem_ckan_2025,jerusalem_github_2024",
141,31.759671,35.165377,מקלט ציבורי מספר 734 - מקלט נגיש,איסלנד 17,קריית מנחם,Jerusalem,מקלט,104,True,"jerusalem_ckan_2025,jerusalem_github_2024",
142,31.759542,35.166912,מקלט ציבורי מספר 803,הנריטה סולד 17,קריית מנחם,Jerusalem,מקלט,90,True,"jerusalem_ckan_2025,jerusalem_github_2024",
143,31.759685,35.168888,מקלט ציבורי מספר 827,מקסיקו 4,קריית מנחם,Jerusalem,מקלט,80,True,"jerusalem_ckan_2025,jerusalem_github_2024",
144,31.788036,35.19554,מקלט ציבורי מספר 748,העילוי 2,קריית משה,Jerusalem,מקלט,107,True,"jerusalem_ckan_2025,jerusalem_github_2024",
145,31.787537,35.19555,מקלט ציבורי מספר 978,הרב צבי יהודה 13,קריית משה,Jerusalem,מקלט,80,True,"jerusalem_ckan_2025,jerusalem_github_2024",
146,31.767487,35.211044,מקלט ציבורי מספר 667,"הפלמ""ח 22",קריית שמואל,Jerusalem,מקלט,144,True,"jerusalem_ckan_2025,jerusalem_github_2024",
147,31.768099,35.210307,מקלט ציבורי מספר 668,הרב ברודי 15,קריית שמואל,Jerusalem,מחסה - הכי מוגן שיש,136,True,"jerusalem_ckan_2025,jerusalem_github_2024",
148,31.786414,35.197334,מקלט ציבורי מספר 977,גת 23,קריית משה,Jerusalem,מקלט,80,True,"jerusalem_ckan_2025,jerusalem_github_2024",
149,31.795625,35.214472,מקלט ציבורי מספר 606,פנינה 1,רוממה,Jerusalem,מקלט,64,True,"jerusalem_ckan_2025,jerusalem_github_2024",
150,31.796118,35.20084,מקלט ציבורי מספר 750,זכרון יעקב 5,רוממה,Jerusalem,מקלט,104,True,"jerusalem_ckan_2025,jerusalem_github_2024",
151,31.796012,35.199146,מקלט ציבורי מספר 933,"המ""ג 38",רוממה,Jerusalem,מקלט,80,True,"jerusalem_ckan_2025,jerusalem_github_2024",
152,31.794477,35.201748,מקלט ציבורי מספר 975א,זיכרון יעקב 15,רוממה,Jerusalem,מקלט,40,True,"jerusalem_ckan_2025,jerusalem_github_2024",
153,31.794225,35.202023,מקלט ציבורי מספר 975ב,זיכרון יעקב 17,רוממה,Jerusalem,מקלט,40,True,"jerusalem_ckan_2025,jerusalem_github_2024",
154,31.793955,35.20219,מקלט ציבורי מספר 975ג,זכרון יעקב 19,רוממה,Jerusalem,מקלט,40,True,"jerusalem_ckan_2025,jerusalem_github_2024",
155,31.793536,35.202197,מקלט ציבורי מספר 975ד,זכרון יעקב 21,רוממה,Jerusalem,מקלט,40,True,"jerusalem_ckan_2025,jerusalem_github_2024",
156,31.795074,35.201083,מקלט ציבורי מספר 979 - מקלט נגיש,זכרון יעקב 10,רוממה,Jerusalem,מקלט,80,True,"jerusalem_ckan_2025,jerusalem_github_2024",
157,31.775601,35.214117,מקלט ציבורי מספר 658,אבן עזרא 13,רחביה,Jerusalem,מקלט,64,True,"jerusalem_ckan_2025,jerusalem_github_2024",
158,31.775111,35.215394,מקלט ציבורי מספר 659,אבן גבירול 15,רחביה,Jerusalem,מקלט,128,True,"jerusalem_ckan_2025,jerusalem_github_2024",
159,31.773256,35.210729,מקלט ציבורי מספר 809,"רשב""א 9",רחביה,Jerusalem,מקלט,72,True,"jerusalem_ckan_2025,jerusalem_github_2024",
160,31.773263,35.216688,מקלט ציבורי מספר 810,עובדיה מברטנורה 9,רחביה,Jerusalem,מקלט,120,True,jerusalem_ckan_2025,
161,31.771603,35.212386,מקלט ציבורי מספר 816,עזה 50,רחביה,Jerusalem,מקלט,96,True,"jerusalem_ckan_2025,jerusalem_github_2024",
162,31.772263,35.215899,מקלט ציבורי מספר 835,ארלוזורוב 18,רחביה ,Jerusalem,מקלט,152,True,"jerusalem_ckan_2025,jerusalem_github_2024",
163,31.776281,35.214224,מקלט ציבורי מספר 972,אלחריזי 26,רחביה,Jerusalem,מקלט,80,True,"jerusalem_ckan_2025,jerusalem_github_2024",
164,31.795412,35.218874,מקלט ציבורי מספר 604,חכם שמעון 8,שמואל הנביא,Jerusalem,מקלט,80,True,"jerusalem_ckan_2025,jerusalem_datacity_2025",
165,31.795729,35.219471,מקלט ציבורי מספר 605,בר אילן 2,שמואל הנביא,Jerusalem,מחסה - הכי מוגן שיש,400,True,"jerusalem_ckan_2025,jerusalem_github_2024",
166,31.792492,35.223096,מקלט ציבורי מספר 616,שמואל הנביא 61,שמואל הנביא,Jerusalem,מקלט,80,True,"jerusalem_ckan_2025,jerusalem_github_2024",
167,31.790518,35.225063,מקלט ציבורי מספר 617,גמול 3,שמואל הנביא,Jerusalem,מחסה - הכי מוגן שיש,32,True,"jerusalem_ckan_2025,jerusalem_github_2024",
168,31.792861,35.223157,מקלט ציבורי מספר 618,שמואל הנביא 66,שמואל הנביא,Jerusalem,מקלט,137,True,"jerusalem_ckan_2025,jerusalem_github_2024",
169,31.794617,35.218912,מקלט ציבורי מספר 957,אבינדב 19,שמואל הנביא,Jerusalem,מקלט,360,True,"jerusalem_ckan_2025,jerusalem_github_2024",
170,31.763437,35.225643,מקלט ציבורי מספר 679,דרך חברון 59,תלפיות,Jerusalem,מקלט,160,True,"jerusalem_ckan_2025,jerusalem_github_2024",
171,31.752546,35.221823,מקלט ציבורי מספר 688,אפרתה 18,תלפיות,Jerusalem,מקלט,160,True,"jerusalem_ckan_2025,jerusalem_github_2024",
172,31.749095,35.220023,מקלט ציבורי מספר 689,בן גבריאל 10,תלפיות,Jerusalem,מקלט,72,True,"jerusalem_ckan_2025,jerusalem_github_2024",
173,31.749197,35.223438,מקלט ציבורי מספר 690,לייב יפה 1,תלפיות,Jerusalem,מקלט,192,True,"jerusalem_ckan_2025,jerusalem_github_2024",
174,31.752088,35.218911,מקלט ציבורי מספר 691,דרך בית לחם 93,תלפיות,Jerusalem,מקלט,352,True,jerusalem_ckan_2025,
175,31.751199,35.22009,מקלט ציבורי מספר 940,שלום יהודה 17,תלפיות,Jerusalem,מקלט,80,True,"jerusalem_ckan_2025,jerusalem_github_2024",
176,32.817801,35.045192,מיגונית-1,טרומן 12,קריית חיים מערבית,Haifa,מיגונית,25,True,haifa_datacity,
177,32.800637,34.986739,מיגונית-2,שחאדה שלח 11 א',ואדי ניסנאס,Haifa,מיגונית,25,True,haifa_datacity,
178,32.808015,34.950818,מיגונית-3,חקר ימים ואגמים,שער העלייה,Haifa,מיגונית,25,True,haifa_datacity,
179,32.801412,34.94896,מיגונית-4,פארק הכט,שער העלייה,Haifa,מיגונית,25,True,haifa_datacity,
180,32.813644,35.050953,1,אברבנאל 26,קריית חיים מערבית,Haifa,מקלט ציבורי,100,True,haifa_datacity,
181,32.814566,35.048789,2,אברבנאל 69,קריית חיים מערבית,Haifa,מקלט ציבורי,200,True,haifa_datacity,
182,32.810824,35.055776,3,פרנק אנה 11,קריית חיים מערבית,Haifa,מקלט ציבורי,200,True,haifa_datacity,
183,32.812489,35.057366,4,אנה פרנק 40,קריית חיים מערבית,Haifa,מקלט ציבורי,200,True,haifa_datacity,
184,32.815284,35.052983,5,הארזים 65,קריית חיים מערבית,Haifa,מקלט ציבורי,100,True,haifa_datacity,
185,32.817851,35.053961,6,משמר העמק 10,קריית חיים מערבית,Haifa,מקלט ציבורי,150,True,haifa_datacity,
186,32.816725,35.05082,7,בן ציון ישראלי 41,קריית חיים מערבית,Haifa,מקלט ציבורי,200,True,haifa_datacity,
187,32.819047,35.051785,8,משמר העמק 21,קריית חיים מערבית,Haifa,מקלט ציבורי,200,True,haifa_datacity,
188,32.817708,35.049556,9,בית אלפא 27,קריית חיים מערבית,Haifa,מקלט ציבורי,200,True,haifa_datacity,
189,32.811827,35.052608,10,בוסל 4,קריית חיים מערבית,Haifa,מקלט ציבורי,200,True,haifa_datacity,
190,32.812869,35.048694,11,דגניה 35,קריית חיים מערבית,Haifa,מקלט ציבורי,200,True,haifa_datacity,
191,32.813788,35.046221,12,דגניה 53 א',קריית חיים מערבית,Haifa,מקלט ציבורי,200,True,haifa_datacity,
192,32.817272,35.058118,14,נתיב התנאים 11,קריית שמואל,Haifa,מקלט ציבורי,200,True,haifa_datacity,
193,32.820576,35.061186,15,"הרי""ף 11 / יעקב כץ 4",קריית שמואל,Haifa,מקלט ציבורי,200,True,haifa_datacity,
194,32.801501,35.068175,16,השקד 2,קריית חיים מזרחי,Haifa,מקלט ציבורי,200,True,haifa_datacity,
195,32.806438,35.060911,17א,הנוטר 51,קריית חיים מזרחי,Haifa,מקלט ציבורי,200,True,haifa_datacity,
196,32.806789,35.0616,17,הנוטר 53,קריית חיים מזרחי,Haifa,מקלט ציבורי,100,True,haifa_datacity,
197,32.81363,35.063177,18,הפלוגות 54,קריית חיים מזרחית,Haifa,מקלט ציבורי,200,True,haifa_datacity,
198,32.803063,35.064932,19,השיירה 38,קריית חיים מזרחי,Haifa,מקלט ציבורי,200,True,haifa_datacity,
199,32.811018,35.06455,20,הקיבוצים 73,קריית חיים מזרחי,Haifa,מקלט ציבורי,200,True,haifa_datacity,
200,32.808136,35.058801,21,הראשונים 55,קריית חיים מזרחי,Haifa,מקלט ציבורי,200,True,haifa_datacity,
201,32.800196,35.066185,22,חומה ומגדל 18 א',קריית חיים מזרחי,Haifa,מקלט ציבורי,100,True,haifa_datacity,
202,32.818485,35.048452,23,חרב ליאת 35 / הקונגרס 43 א',קריית חיים מערבית,Haifa,מקלט ציבורי,180,True,haifa_datacity,
203,32.804818,35.063502,24,יציב 46,קריית חיים מזרחי,Haifa,מקלט ציבורי,200,True,haifa_datacity,
204,32.802583,35.062495,25,יציב 24,קריית חיים מזרחי,Haifa,מקלט ציבורי,200,True,haifa_datacity,
205,32.810849,35.059105,26,זייד אלכסנדר 77,קריית חיים מזרחי,Haifa,מקלט ציבורי,100,True,haifa_datacity,
206,32.802361,35.066475,27,ברכה פולד 12,קריית חיים מזרחי,Haifa,מקלט ציבורי,200,True,haifa_datacity,
207,32.806018,35.066896,28,ציזלינג 26,קריית חיים מזרחי,Haifa,מקלט ציבורי,100,True,haifa_datacity,
208,32.805326,35.070139,29,שבטי ישראל 68,קריית חיים מזרחי,Haifa,מקלט ציבורי,200,True,haifa_datacity,
209,32.80869,35.061446,30,שטרית 26,קריית חיים מזרחי,Haifa,מקלט ציבורי,100,True,haifa_datacity,
210,32.762142,35.002131,31,אינטרנציונל 20,רמות רמז,Haifa,מקלט ציבורי,200,True,haifa_datacity,
211,32.768398,35.008505,32,ברל 3,זיו,Haifa,מקלט ציבורי,200,True,haifa_datacity,
212,32.769629,35.005145,33,ברל 29,זיו,Haifa,מקלט ציבורי,200,True,haifa_datacity,
213,32.76343,35.00425,34,בורוכוב 25,רמות רמז,Haifa,מקלט ציבורי,200,True,haifa_datacity,
214,32.76599,35.003754,35,גורדון 34,רמות רמז,Haifa,מקלט ציבורי,150,True,haifa_datacity,
215,32.772277,35.010982,36,הגליל 79,נווה שאנן,Haifa,מקלט ציבורי,200,True,haifa_datacity,
216,32.786161,35.000564,37,הגיבורים 25,"עיר תחתית מזרח, ואדי סאליב",Haifa,מקלט ציבורי,200,True,haifa_datacity,
217,32.785243,35.002237,38,הגיבורים 43,"עיר תחתית מזרח, ואדי סאליב",Haifa,מקלט ציבורי,200,True,haifa_datacity,
218,32.760595,34.999608,39,חביבה רייך 33,רמות רמז,Haifa,מקלט ציבורי,100,True,haifa_datacity,
219,32.780106,35.008112,40,חטיבת כרמלי 10,נוה פז,Haifa,מקלט ציבורי,170,True,haifa_datacity,
220,32.78552,35.002842,41,יד לבנים 4,"עיר תחתית מזרח, ואדי סאליב",Haifa,מקלט ציבורי,200,True,haifa_datacity,
221,32.77418,35.013597,42,ערד 37,נוה יוסף,Haifa,מקלט ציבורי,200,True,haifa_datacity,
222,32.764057,35.005901,43,קומוי 4,רמות רמז,Haifa,מקלט ציבורי,200,True,haifa_datacity,
223,32.762853,35.005523,44,קומוי 28,רמות רמז,Haifa,מקלט ציבורי,100,True,haifa_datacity,
224,32.781585,35.004263,45,רזיאל 44,תל עמל,Haifa,מקלט ציבורי,200,True,haifa_datacity,
225,32.78775,34.993551,46,ארלוזורוב 19,גאולה,Haifa,מקלט ציבורי,200,True,haifa_datacity,
226,32.797608,34.987751,47,אשקלון 4,ואדי ניסנאס,Haifa,מקלט ציבורי,200,True,haifa_datacity,
227,32.786212,34.995052,50,בן בבא 4,גאולה,Haifa,מקלט ציבורי,180,True,haifa_datacity,
228,32.788334,34.998036,52,השומר 3,"יל""ג",Haifa,מקלט ציבורי,180,True,haifa_datacity,
229,32.789511,34.994666,53,הרצל 73,"יל""ג",Haifa,מקלט ציבורי,200,True,haifa_datacity,
230,32.787057,34.996598,54,הרצל 101,"יל""ג",Haifa,מקלט ציבורי,200,True,haifa_datacity,
231,32.784308,35.001504,55,הירדן 19,חליסה,Haifa,מקלט ציבורי,200,True,haifa_datacity,
232,32.795767,34.985485,56,הרצליה 17,הרצליה,Haifa,מקלט ציבורי,200,True,haifa_datacity,
233,32.794481,34.983289,58,טבריה 19,מסדה,Haifa,מקלט ציבורי,200,True,haifa_datacity,
234,32.79015,34.988935,59,"תל חי 10, פינת יוסף 18",הדר מרכז,Haifa,מקלט ציבורי,100,True,haifa_datacity,
235,32.788736,34.991873,60,יוסף (הגדם) 47,הדר מרכז,Haifa,מקלט ציבורי,200,True,haifa_datacity,
236,32.790623,34.997306,61,יודפת 11,"עיר תחתית מזרח, ואדי סאליב",Haifa,מקלט ציבורי,180,True,haifa_datacity,
237,32.791463,34.994454,62,לונץ 4,שוק תלפיות,Haifa,מקלט ציבורי,500,True,haifa_datacity,
238,32.796305,34.983505,63,מדרגות בית שערים 5,עבאס,Haifa,מקלט ציבורי,200,True,haifa_datacity,
239,32.794214,34.992813,64,פינת שפירא 5,שוק תלפיות,Haifa,מקלט ציבורי,180,True,haifa_datacity,
240,32.793273,34.987471,65,עמק הזיתים 9,הרצליה,Haifa,מקלט ציבורי,200,True,haifa_datacity,
241,32.794399,34.996682,66,קיבוץ גלויות 15,"עיר תחתית מזרח, ואדי סאליב",Haifa,מקלט ציבורי,200,True,haifa_datacity,
242,32.792225,34.987923,67,קסל 18,הרצליה,Haifa,מקלט ציבורי,200,True,haifa_datacity,
243,32.800021,34.989161,68,קיסריה 4 (וואדי ניסנאס),ואדי ניסנאס,Haifa,מקלט ציבורי,200,True,haifa_datacity,
244,32.797803,34.985643,69,שבתאי לוי 26,ואדי ניסנאס,Haifa,מקלט ציבורי,100,True,haifa_datacity,
245,32.796159,34.984502,70,שד' הציונות 53,הרצליה,Haifa,מקלט ציבורי,200,True,haifa_datacity,
246,32.788517,34.964559,71,אל מוהדי 12,כבאביר,Haifa,מקלט ציבורי,200,True,haifa_datacity,
247,32.77026,34.989832,72,"פיק""א 69 - היכל הספורט",רוממה,Haifa,מקלט ציבורי,200,True,haifa_datacity,
248,32.770972,34.987604,73,הצלפים 5,רוממה,Haifa,מקלט ציבורי,150,True,haifa_datacity,
249,32.78372,34.976921,74,"שד' מוריה 16, פינת וולפסון",מרכז הכרמל,Haifa,מקלט ציבורי,200,True,haifa_datacity,
250,32.780202,34.975974,75,צפרירים 6,מרכז הכרמל,Haifa,מקלט ציבורי,200,True,haifa_datacity,
251,32.801619,34.989447,77,אלנבי 8,"שער פלמר, תחנת רכבת השמונה",Haifa,מקלט ציבורי,200,True,haifa_datacity,
252,32.802354,34.980044,78,אלנבי 72,קרייית אליעזר,Haifa,מקלט ציבורי,200,True,haifa_datacity,
253,32.811153,34.981109,80,אל עתיקה 18,בת גלים,Haifa,מקלט ציבורי,200,True,haifa_datacity,
254,32.80372,34.981478,81,גוטליב שומאכר 2 א',מושבה גרמנית,Haifa,מקלט ציבורי,150,True,haifa_datacity,
255,32.803601,34.983599,82,שד' בן גוריון 26,מושבה גרמנית,Haifa,מקלט ציבורי,200,True,haifa_datacity,
256,32.808435,34.972616,83,"הגדנ""ע 5",קרייית אליעזר,Haifa,מקלט ציבורי,200,True,haifa_datacity,
257,32.805963,34.959218,84,דרך צרפת 85,קריית שפרינצק,Haifa,מקלט ציבורי,200,True,haifa_datacity,
258,32.790231,34.952876,85,המלך דוד 7,נוה דוד,Haifa,מקלט ציבורי,200,True,haifa_datacity,
259,32.792365,34.952855,86,המלך דוד 24,נוה דוד,Haifa,מקלט ציבורי,200,True,haifa_datacity,
260,32.814921,34.975167,88,העלייה השנייה 25,בת גלים,Haifa,מקלט ציבורי,200,True,haifa_datacity,
261,32.814693,34.971286,89,העלייה השנייה 45,בת גלים,Haifa,מקלט ציבורי,200,True,haifa_datacity,
262,32.813948,34.968928,90,הקלעים 10,בת גלים,Haifa,מקלט ציבורי,200,True,haifa_datacity,
263,32.811182,34.972662,91,הזית 15,קריית אליעזר,Haifa,מקלט ציבורי,200,True,haifa_datacity,
264,32.810731,34.972179,92,הזית 22,קריית אליעזר,Haifa,מקלט ציבורי,200,True,haifa_datacity,
265,32.808562,34.977593,93,התקווה 23,קריית אליהו,Haifa,מקלט ציבורי,200,True,haifa_datacity,
266,32.802277,34.981874,94,הגנים 33,מושבה גרמנית,Haifa,מקלט ציבורי,200,True,haifa_datacity,
267,32.805467,34.980832,95,המגינים 119,מושבה גרמנית,Haifa,מקלט ציבורי,200,True,haifa_datacity,
268,32.808468,34.955132,96,העוגן 39,עין הים,Haifa,מקלט ציבורי,200,True,haifa_datacity,
269,32.804056,34.967675,97,טשרניחובסקי 34,כרמל צרפתי,Haifa,מקלט ציבורי,200,True,haifa_datacity,
270,32.804338,34.97963,98,יצחק שדה 26,קריית אליהו,Haifa,מקלט ציבורי,164,True,haifa_datacity,
271,32.811963,34.969604,99,יואב 13,קריית אליעזר,Haifa,מקלט ציבורי,200,True,haifa_datacity,
272,32.800391,34.982937,100,מאיר רוטנברג 44,מושבה גרמנית,Haifa,מקלט ציבורי,200,True,haifa_datacity,
273,32.808499,34.971945,101,עמל 31 א',קרייית אליעזר,Haifa,מקלט ציבורי,200,True,haifa_datacity,
274,32.810428,34.969606,102,"צה""ל 51",קריית אליעזר,Haifa,מקלט ציבורי,150,True,haifa_datacity,
275,32.802887,34.989168,103,שרה 10,"שער פלמר, תחנת רכבת השמונה",Haifa,מקלט ציבורי,200,True,haifa_datacity,
276,32.789036,34.956008,104,ציקלג 8,נוה דוד,Haifa,מקלט ציבורי,150,True,haifa_datacity,
277,32.781841,35.006819,105,החשמל 8,נוה פז,Haifa,מקלט ציבורי,180,True,haifa_datacity,
278,32.779132,35.00924,108,זאב בנין 12,נוה פז,Haifa,מקלט ציבורי,140,True,haifa_datacity,
279,32.799736,34.982616,אל כארמה,הגפן 15,עבאס,Haifa,בית ספר (מתקן קליטה),180,True,haifa_datacity,
280,32.780118,34.995929,אשת חייל - יחל ישראל בנות תיכון,מקור ברוך 20,רמת ויז'ניץ,Haifa,בית ספר (מתקן קליטה),200,True,haifa_datacity,
281,32.824704,35.063732,בית חיה יסודי,אריה לוין 5,קריית שמואל,Haifa,בית ספר (מתקן קליטה),200,True,haifa_datacity,
282,32.786312,34.988579,בית יעקב יסודי,המימוני 2,המיימוני,Haifa,בית ספר (מתקן קליטה),180,True,haifa_datacity,
283,32.780531,34.996008,יחל ישראל בנות יסודי,מקור ברוך 20,רמת ויז'ניץ,Haifa,בית ספר (מתקן קליטה),80,True,haifa_datacity,
284,32.800736,34.975232,שיזף,הבישוף חגאר 1,עבאס,Haifa,בית ספר (מתקן קליטה),320,True,haifa_datacity,
285,32.795319,34.96218,אילנות,הסנה 8 א,כרמל מערבי,Haifa,בית ספר (מתקן קליטה),200,True,haifa_datacity,
286,32.796263,34.970544,גיל,התשבי 34,רמת התשבי,Haifa,בית ספר (מתקן קליטה),140,True,haifa_datacity,
287,32.783875,34.984145,דוד ילין,יאיר כץ 4,מרכז הכמל,Haifa,בית ספר (מתקן קליטה),300,True,haifa_datacity,
288,32.781453,34.974484,הרצל,צדקיהו 2,כרמליה,Haifa,בית ספר (מתקן קליטה),100,True,haifa_datacity,
289,32.81076,34.957619,חוגים,ליאון בלום 9,עין הים,Haifa,בית ספר (מתקן קליטה),750,True,haifa_datacity,
290,32.80793,34.963111,"חט""ב לאו-באק",טשרנחובסקי 71,רמת שאול,Haifa,בית ספר (מתקן קליטה),120,True,haifa_datacity,
291,32.782227,34.98136,עירוני ה,ביכורים 25,מרכז הכרמל,Haifa,בית ספר (מתקן קליטה),200,True,haifa_datacity,
292,32.790162,34.998134,אבן גבירול,בודנהיימר 7,"עיר תחתית מזרח, ואדי סאליב",Haifa,בית ספר (מתקן קליטה),180,True,haifa_datacity,
293,32.794527,34.951637,בסמת,המלך דוד 33,נוה דוד,Haifa,בית ספר (מתקן קליטה),400,True,haifa_datacity,
294,32.805685,34.975293,דרור,דרור 19,קריית אליעזר,Haifa,בית ספר (מתקן קליטה),80,True,haifa_datacity,
295,32.799103,34.95172,חופית,החיננית 3,שער העלייה,Haifa,בית ספר (מתקן קליטה),280,True,haifa_datacity,
296,32.811453,34.970451,יבניאלי,יואב 5,קריית אליעזר,Haifa,בית ספר (מתקן קליטה),220,True,haifa_datacity,
297,32.763929,34.961202,נאות פרס,אפרים קציר 3,"מרכז הקונגרסים, נאות פרס",Haifa,בית ספר (מתקן קליטה),500,True,haifa_datacity,
298,32.793624,34.951952,עופרים,המלך דוד 29,נוה דוד,Haifa,בית ספר (מתקן קליטה),120,True,haifa_datacity,
299,32.80863,34.979041,עירוני א,תל אביב 27,קריית אליהו,Haifa,בית ספר (מתקן קליטה),220,True,haifa_datacity,
300,32.805638,34.958929,רמות,דרך צרפת 85,קריית שפרינצק,Haifa,בית ספר (מתקן קליטה),80,True,haifa_datacity,
301,32.793186,34.955742,רמות הנשיא,אלמוג 13,רמת הנשיא,Haifa,בית ספר (מתקן קליטה),570,True,haifa_datacity,
302,32.809888,34.971209,"רעות חט""ב","צה""ל 41",קריית אליעזר,Haifa,בית ספר (מתקן קליטה),160,True,haifa_datacity,
303,32.759368,35.004672,אלון,יגאל אלון 8,רמת אלון,Haifa,בית ספר (מתקן קליטה),240,True,haifa_datacity,
304,32.775742,35.002428,דינור,קליבנוב 20,יזרעאליה,Haifa,בית ספר (מתקן קליטה),360,True,haifa_datacity,
305,32.763512,34.999831,הבונים,חביבה רייך 16,רמות רמז,Haifa,בית ספר (מתקן קליטה),280,True,haifa_datacity,
306,32.76278,35.013671,טכניון,בנין חשמל,קריית הטכניון,Haifa,בית ספר (מתקן קליטה),1400,True,haifa_datacity,
307,32.756632,35.004584,יבנה תיכון,אליעזר אלתר 30,רמת אלון,Haifa,בית ספר (מתקן קליטה),200,True,haifa_datacity,
308,32.773824,35.004379,יזרעאליה,צרניאבסקי 20,יזרעאליה,Haifa,בית ספר (מתקן קליטה),200,True,haifa_datacity,
309,32.766704,35.012991,עירוני ג,גדליהו 24,נוה שאנן,Haifa,בית ספר (מתקן קליטה),200,True,haifa_datacity,
310,32.822393,35.063277,"אהרון הרוא""ה בנים חדש",דב פרומר 15,קריית שמואל,Haifa,בית ספר (מתקן קליטה),360,True,haifa_datacity,
311,32.825231,35.062744,"חב""ד בנים (תלמוד תורה)",אריה לוין 3,קריית שמואל,Haifa,בית ספר (מתקן קליטה),220,True,haifa_datacity,
312,32.803008,35.054138,"חט""ב דגן",יצחק בן צבי 6,קריית חיים מזרחי,Haifa,בית ספר (מתקן קליטה),260,True,haifa_datacity,
313,32.802432,35.057337,מגינים,יצחק בן צבי 12,קריית חיים מזרחי,Haifa,בית ספר (מתקן קליטה),300,True,haifa_datacity,
314,32.822905,35.061935,עירוני ב תיכון,יוסף שטרן 9,קריית שמואל,Haifa,בית ספר (מתקן קליטה),220,True,haifa_datacity,
315,32.8042,35.060298,תיכון קריית חיים,הנוטר 32,קריית חיים מזרחי,Haifa,בית ספר (מתקן קליטה),420,True,haifa_datacity,
316,32.745452,35.009996,אוניברסיטה,שדרות אבא חושי 199,אוניברסיטה,Haifa,בית ספר (מתקן קליטה),1000,True,haifa_datacity,
317,32.760678,34.993346,אינשטיין,אינשטיין 133,אחוזה,Haifa,בית ספר (מתקן קליטה),280,True,haifa_datacity,
318,32.756754,35.003194,אליאנס,דרך בירם 37,אמת אלמוגי,Haifa,בית ספר (מתקן קליטה),320,True,haifa_datacity,
319,32.772553,34.993078,בן גוריון,קרן הייסוד 33,רוממה,Haifa,בית ספר (מתקן קליטה),240,True,haifa_datacity,
320,32.757509,34.985375,נופים,סורוקה 22,רמת בגין,Haifa,בית ספר (מתקן קליטה),360,True,haifa_datacity,
321,32.77133,34.983452,נתיב אליעזר,דיזרעאלי 54 א,אחוזה,Haifa,בית ספר (מתקן קליטה),200,True,haifa_datacity,
322,32.768123,34.989856,רוממה,האורן 27 א',רמת בן גוריון,Haifa,בית ספר (מתקן קליטה),200,True,haifa_datacity,
323,32.761246,34.988511,ריאלי בית בירם,אבא חושי 15,אחוזה,Haifa,בית ספר (מתקן קליטה),300,True,haifa_datacity,
324,32.793385,34.951481,קורצ'אק / עופרים,המלך דוד 29,נוה דוד,Haifa,בית ספר (מתקן קליטה),120,True,haifa_datacity,
325,32.764592,34.986928,ערבה,אינשטיין 52,אחוזה,Haifa,גני ילדים,18,True,haifa_datacity,
326,32.768821,34.978857,תומר,חורב 5,אחוזה,Haifa,גני ילדים,24,True,haifa_datacity,
327,32.769979,34.979878,ארזים,שד' סיני 9,אחוזה,Haifa,גני ילדים,20,True,haifa_datacity,
328,32.815601,34.971625,הסיגליות,יונתן 6,בת גלים,Haifa,גני ילדים,14,True,haifa_datacity,
329,32.749248,35.001636,החצב,ליבריה 42,הוד הכרמל,Haifa,גני ילדים,32,True,haifa_datacity,
330,32.790489,34.996365,אלברעאם,השומר 3,"יל""ג",Haifa,גני ילדים,21,True,haifa_datacity,
331,32.7779,34.989238,שושן,ורדיה 15,ורדיה,Haifa,גני ילדים,8,True,haifa_datacity,
332,32.7813,35.003171,אלכרואן,וינר יוסף 28,תל עמל,Haifa,גני ילדים,12,True,haifa_datacity,
333,32.776786,35.001608,גפן,פרץ מרקיש 5,יזרעאליה,Haifa,גני ילדים,16,True,haifa_datacity,
334,32.776791,34.999889,שקד,פרץ מרקיש 22,יזרעאליה,Haifa,גני ילדים,20,True,haifa_datacity,
335,32.789379,34.962289,אלמנארה,לבונה 1,כבאביר,Haifa,גני ילדים,80,True,haifa_datacity,
336,32.789615,34.961227,אלרחאן,לבונה 3,כבאביר,Haifa,גני ילדים,21,True,haifa_datacity,
337,32.784416,34.979069,ערמונים,מעלות הבוצרים 5,מרכז הכרמל,Haifa,גני ילדים,24,True,haifa_datacity,
338,32.794541,34.965005,התמרים,התמר 8,כרמל מערבי,Haifa,גני ילדים,30,True,haifa_datacity,
339,32.794842,34.962514,האילנות,הסנה 8,כרמל מערבי,Haifa,גני ילדים,32,True,haifa_datacity,
340,32.806051,34.956236,צבר,אדמונד פלג 18,קריית שפרינצק,Haifa,גני ילדים,48,True,haifa_datacity,
341,32.780465,34.966574,צוקית,לאה 39,כרמליה,Haifa,גני ילדים,19,True,haifa_datacity,
342,32.780488,34.966206,מורן,נעמי 20,כרמליה,Haifa,גני ילדים,15,True,haifa_datacity,
343,32.790734,34.954558,השלום,יהושפט 6,נוה דוד,Haifa,גני ילדים,40,True,haifa_datacity,
344,32.776065,35.012238,חורש,דרך יד לבנים 103,נוה יוסף,Haifa,גני ילדים,12,True,haifa_datacity,
345,32.81037,35.058824,שנהב,בכור שיטרית 1,קריית חיים מזרחי,Haifa,גני ילדים,30,True,haifa_datacity,
346,32.804497,35.070311,תדהר,שבטי ישראל 64,קריית חיים מזרחי,Haifa,גני ילדים,40,True,haifa_datacity,
347,32.800861,35.058389,חרצית,בן-צבי 16,קריית חיים מזרחי,Haifa,גני ילדים,14,True,haifa_datacity,
348,32.809475,35.064515,רוזמרין,הקיבוצים 63,קריית חיים מזרחי,Haifa,גני ילדים,30,True,haifa_datacity,
349,32.806617,35.064838,ירקון,יציב 66,קריית חיים מזרחי,Haifa,גני ילדים,30,True,haifa_datacity,
350,32.819851,35.052002,סחלבים,"מח""ל 25",קריית חיים מערבית,Haifa,גני ילדים,16,True,haifa_datacity,
351,32.816404,35.046381,שלדג,אברבנאל 105,קריית חיים מערבית,Haifa,גני ילדים,20,True,haifa_datacity,
352,32.811843,35.051717,הרדוף,שד' דגניה 16,קריית חיים מערבית,Haifa,גני ילדים,14,True,haifa_datacity,
353,32.768535,34.989506,ירדן,שקמה 29,רמת בן גוריון,Haifa,גני ילדים,18,True,haifa_datacity,
354,32.772577,34.992478,סער (בן גוריון),קרן היסוד 33,רוממה,Haifa,גני ילדים,12,True,haifa_datacity,
355,32.772702,34.994788,שלו,קרן היסוד 33,רוממה,Haifa,גני ילדים,24,True,haifa_datacity,
356,32.75923,35.007102,סנונית,חסידי אומות העולם 31,רמת אלון,Haifa,גני ילדים,12,True,haifa_datacity,
357,32.759952,34.986274,עומרים,ווטסון 12,רמת בגין,Haifa,גני ילדים,18,True,haifa_datacity,
358,32.755585,34.995273,רימון,גולדה מאיר 29,רמת גולדה,Haifa,גני ילדים,24,True,haifa_datacity,
359,32.746997,34.978977,אשל,חיים לסקוב 26,הוד הכרמל,Haifa,גני ילדים,72,True,haifa_datacity,
360,32.784618,34.989327,חמניה,"הבעש""ט 31",המיימוני,Haifa,גני ילדים,8,True,haifa_datacity,
361,32.770543,34.998479,ענבר,גוט לוין 22,רמת ספיר,Haifa,גני ילדים,18,True,haifa_datacity,
362,32.786959,34.992974,עמית,ביתר 8,גאולה,Haifa,גני ילדים,52,True,haifa_datacity,
363,32.815853,35.057605,ניצנים,הרואה 18,קריית שמואל,Haifa,גני ילדים,18,True,haifa_datacity,
364,32.821555,35.063375,טוהר,דב פרומר 18,קריית שמואל,Haifa,גני ילדים,18,True,haifa_datacity,
365,32.800614,34.951823,איילת השחר,שלוסברג 4,שער העלייה,Haifa,גני ילדים,16,True,haifa_datacity,
366,32.778345,34.989402,נחל,צבעוני 17,ורדיה,Haifa,גני ילדים,16,True,haifa_datacity,
367,32.804522,34.980691,שושנים,מ.אנילביץ' 26,מושבה גרמנית,Haifa,גני ילדים,25,True,haifa_datacity,
368,32.804314,34.974,איתן,קדושי דמשק 2,קריית אליעזר,Haifa,גני ילדים,16,True,haifa_datacity,
369,32.76182,34.974625,קטלב,אלברט שווייצר 64,רמת אשכול,Haifa,גני ילדים,20,True,haifa_datacity,
370,32.799127,34.957569,פז,גולדה  מאיר 29,קריית שפרינצק,Haifa,גני ילדים,32,True,haifa_datacity,
371,32.770219,34.997946,אודם,גוט לוין 22,רמת ספיר,Haifa,גני ילדים,18,True,haifa_datacity,
372,32.763777,35.003564,שחף,ג'ורס 17,רמות רמז,Haifa,גני ילדים,42,True,haifa_datacity,
373,32.798494,34.950451,שביט,האשחר 3,שער העלייה,Haifa,גני ילדים,60,True,haifa_datacity,
374,32.810733,34.969829,"מיח""א","צה""ל 50",קריית אליעזר,Haifa,גני ילדים,26,True,haifa_datacity,
375,32.799512,34.950339,גני פלורה,האלה 6,שער העלייה,Haifa,גני ילדים,50,True,haifa_datacity,
376,32.790788,34.994057,TOWER (תיאודור),החלוץ 64,שוק תלפיות,Haifa,חניון תת-קרקעי,120,True,haifa_datacity,
377,32.79708,34.991295,בית מאי,חסן שוקרי 5,הדר מרכז,Haifa,חניון תת-קרקעי,250,True,haifa_datacity,
378,32.79625,34.988439,ארמון,הנביאים 18,הדר מרכז,Haifa,חניון תת-קרקעי,1323,True,haifa_datacity,
379,32.806073,34.984502,סיטי סנטר,הגנים 10,מושבה גרמנית,Haifa,חניון תת-קרקעי,500,True,haifa_datacity,
380,32.797527,34.994613,בתי המשפט,"פלי""ם 12",קריית הממשלה,Haifa,חניון תת-קרקעי,1250,True,haifa_datacity,
381,32.799461,34.992797,חלונות הסיטי,"פלי""ם 2",קריית הממשלה,Haifa,חניון תת-קרקעי,1330,True,haifa_datacity,
382,32.79491,34.992345,מנהל הנדסה,ביאליק 3,שוק תלפיות,Haifa,חניון תת-קרקעי,700,True,haifa_datacity,
383,32.786237,34.978086,אודיטוריום,מחניים 7,מרכז הכרמל,Haifa,חניון תת-קרקעי,1332,True,haifa_datacity,
384,32.780619,34.977047,מוריה / בניין בנק יהב,שד' מוריה 44,מרכז הכרמל,Haifa,חניון תת-קרקעי,248,True,haifa_datacity,
385,32.806301,34.962137,ליאו-בק,דרך צרפת 50,רמת שאול,Haifa,חניון תת-קרקעי,254,True,haifa_datacity,
386,32.810441,34.977467,בית אמות,דרך יפו 157,קריית אליהו,Haifa,חניון תת-קרקעי,533,True,haifa_datacity,
387,32.809958,34.978916,בית גלים,דרך יפו 145 א',קריית אליהו,Haifa,חניון תת-קרקעי,228,True,haifa_datacity,
388,32.772329,34.951543,"גב-ים מת""מ",אנדריי סחרוב 9,"מת""ם",Haifa,חניון תת-קרקעי,666,True,haifa_datacity,
389,32.766437,34.953506,"אפל מת""מ",נחום חת 5,"מת""ם",Haifa,חניון תת-קרקעי,666,True,haifa_datacity,
390,32.766857,34.979892,מרכז חורב,ארתור הנטקה 6,אחוזה,Haifa,חניון תת-קרקעי,608,True,haifa_datacity,
391,32.767741,34.978685,יאיר השחר,חורב 14,אחוזה,Haifa,חניון תת-קרקעי,270,True,haifa_datacity,
392,32.7875,34.980594,גן האם,שדרות הנשיא 122,מרכז הכרמל,Haifa,תחנת כרמלית,200,True,haifa_datacity,
393,32.790427,34.983385,בית חולים בני ציון,אליהו גולומב 35,הדר עליון,Haifa,תחנת כרמלית,100,True,haifa_datacity,
394,32.792484,34.985398,מסדה,מסדה 29,מסדה,Haifa,תחנת כרמלית,100,True,haifa_datacity,
395,32.795602,34.988082,הנביאים,הנביאים 22,הרצליה,Haifa,תחנת כרמלית,125,True,haifa_datacity,
396,32.797419,34.990091,הדר-עירייה,הנביאים 1,הדר מרכז,Haifa,תחנת כרמלית,125,True,haifa_datacity,
397,32.800189,34.992722,כיכר פריז,נתנזון 20 (כיכר פריז),"שער פלמר, תחנת רכבת השמונה",Haifa,תחנת כרמלית,200,True,haifa_datacity,
398,31.756286,35.19463,מקלט ציבורי מספר 756,סן מרטין 1,,Jerusalem,מקלט,80,True,jerusalem_ckan_2025,
399,31.755719,35.197874,מקלט ציבורי מספר 757,השומר 5,,Jerusalem,מקלט,80,True,"jerusalem_ckan_2025,jerusalem_github_2024",
400,31.767848,35.212021,מקלט ציבורי מספר 971 - מקלט נגיש,"הפלמ""ח 16",קריית שמואל,Jerusalem,,80,True,"jerusalem_ckan_2025,jerusalem_github_2024",
401,31.764127,35.173013,מקלט ציבורי מספר 991,אברהם שרון 2,קרית יובל,Jerusalem,מקלט,None,True,"jerusalem_ckan_2025,jerusalem_github_2024",
402,32.796746,34.985413,57,הרצליה 28,הרצליה,Haifa,מקלט ציבורי,None,True,haifa_datacity,
403,32.814636,34.977477,87,העלייה השנייה 13א,בת גלים,Haifa,מקלט ציבורי,None,True,haifa_datacity,
404,32.811736,35.054316,107,וורבורג 7,קריית חיים מערבית,Haifa,מקלט ציבורי,None,True,haifa_datacity,
405,32.056456,34.779504,תחנה מרכזית חדשה,לוינסקי 108 תל אביב,,Tel Aviv,underground parking,,True,miklat_finder_d4g,
406,32.074702,34.791717,עזריאלי,מנחם בגין 132 תל אביב,,Tel Aviv,underground parking,,True,miklat_finder_d4g,
407,32.111197,34.839,מגדלי זיו,ולנברג 24 תל אביב,,Tel Aviv,underground parking,,True,miklat_finder_d4g,
408,32.0622,34.78975,אי . בי . סי,השלושה 2 תל אביב,,Tel Aviv,underground parking,,True,miklat_finder_d4g,
409,32.073093,34.789365,קריית הממשלה,מנחם בגין 125 תל אביב,,Tel Aviv,underground parking,,True,"miklat_finder_d4g,tlv_mymaps",
410,32.072443,34.780278,התרבות,הוברמן 1 תל אביב,,Tel Aviv,underground parking,,True,"miklat_finder_d4g,tlv_mymaps",
411,32.109707,34.840481,מגדלי אור,הברזל 27 תל אביב,,Tel Aviv,underground parking,,True,"miklat_finder_d4g,tlv_mymaps",
412,32.108075,34.837838,בית דרור,הברזל 17 תל אביב,,Tel Aviv,underground parking,,True,miklat_finder_d4g,
413,32.068125,34.771892,רובע לב העיר,בלפור 8 תל אביב ,,Tel Aviv,underground parking,,True,"miklat_finder_d4g,tlv_mymaps",
414,32.066104,34.783853,מגדלי אביב,מנחם בגין 46 תל אביב,,Tel Aviv,underground parking,,True,"miklat_finder_d4g,tlv_mymaps",
415,32.065217,34.792164,מגדלי טויוטה,יגאל אלון 63 תל אביב,,Tel Aviv,underground parking,,True,miklat_finder_d4g,
416,32.075508,34.775536,על בסנטר,דיזנגוף 50 תל אביב,,Tel Aviv,underground parking,,True,miklat_finder_d4g,
417,32.062271,34.779832,מגדל רובינשטיין,הרכבת 30 תל אביב,,Tel Aviv,underground parking,,True,"miklat_finder_d4g,tlv_mymaps",
418,32.063805,34.78152,מגדל סונול,מנחם בגין 52 תל אביב,,Tel Aviv,underground parking,,True,"miklat_finder_d4g,tlv_mymaps",
419,32.078572,34.787064,מגדל המוזיאון,ברקוביץ 6 תל אביב,,Tel Aviv,underground parking,,True,miklat_finder_d4g,
420,32.0644,34.769409,בית הרכב,אחד העם 9 תל אביב,,Tel Aviv,underground parking,,True,miklat_finder_d4g,
421,32.069633,34.795999,צ'ק פוינט,הסוללים 5 תל אביב,,Tel Aviv,underground parking,,True,"miklat_finder_d4g,tlv_mymaps",
422,32.073875,34.784808,מתחם שרונה,קפלן/ דה וינצ'י תל אביב,,Tel Aviv,underground parking,,True,miklat_finder_d4g,
423,32.069615,34.793782,בית אמפא TLV ,יגאל אלון 96 תל אביב,,Tel Aviv,underground parking,,True,miklat_finder_d4g,
424,32.061681,34.770618,מגדל דיסקונט,יהודה הלוי 23 תל אביב,,Tel Aviv,underground parking,,True,"miklat_finder_d4g,tlv_mymaps",
425,32.073928,34.798219,מגדלי ת א,נחלת יצחק 20 תל אביב,,Tel Aviv,underground parking,,True,miklat_finder_d4g,
426,32.061899,34.771901,בית לין,יהודה הלוי 37 תל אביב,,Tel Aviv,underground parking,,True,"miklat_finder_d4g,tlv_mymaps",
427,32.074129,34.76583,מגדל האופרה,הירדן 4 תל אביב,,Tel Aviv,underground parking,,True,miklat_finder_d4g,
428,32.07048,34.786381,מגדל המילניום,הארבעה 17 תל אביב,,Tel Aviv,underground parking,,True,miklat_finder_d4g,
429,32.062112,34.791705,מגה - חניון אשדר 2000,השלושה 13 תל אביב,,Tel Aviv,underground parking,,True,miklat_finder_d4g,
430,32.082776,34.780659,גן העיר ,אבן גבירול 71 תל אביב,,Tel Aviv,underground parking,,True,"miklat_finder_d4g,tlv_mymaps",
431,32.063454,34.769278,בית אפריקה ישראל,אחד העם 14 תל אביב,,Tel Aviv,underground parking,,True,miklat_finder_d4g,
432,32.062986,34.770343,קצה השדרה,הרצל/רוטשילד תל אביב,,Tel Aviv,underground parking,,True,miklat_finder_d4g,
433,32.07053,34.787276,מגדל פלטינום,הארבעה 21 תל אביב,,Tel Aviv,underground parking,,True,"miklat_finder_d4g,tlv_mymaps",
434,32.066645,34.78582,בית ויקטוריה,המלאכה 3 תל אביב,,Tel Aviv,underground parking,,True,miklat_finder_d4g,
435,32.075065,34.783164,נאות אביב,דובנוב 7 תל אביב,,Tel Aviv,underground parking,,True,"miklat_finder_d4g,tlv_mymaps",
436,32.114692,34.825719,טופ דן,פנחס רוזן 72 תל אביב,,Tel Aviv,underground parking,,True,"miklat_finder_d4g,tlv_mymaps",
437,32.070464,34.786847,התיכון,הארבעה 19 תל אביב,,Tel Aviv,underground parking,,True,miklat_finder_d4g,
438,32.064733,34.786388,בית ישראכרט,בית עובד 1 תל אביב,,Tel Aviv,underground parking,,True,miklat_finder_d4g,
439,32.063755,34.774745,מגדל אלרוב,רוטשילד 46 תל אביב,,Tel Aviv,underground parking,,True,miklat_finder_d4g,
440,32.086916,34.782213,השקם ,אבן גבירול 124 תל אביב,,Tel Aviv,underground parking,,True,"miklat_finder_d4g,tlv_mymaps",
441,32.079686,34.79552,בית קרדן,מנחם בגין 154 תל אביב,,Tel Aviv,underground parking,,True,miklat_finder_d4g,
442,32.074473,34.795669,יגאל אלון ,יגאל אלון 126 תל אביב,,Tel Aviv,underground parking,,True,miklat_finder_d4g,
443,32.062123,34.784595,אמפא המסגר ,המסגר 9 תל אביב,,Tel Aviv,underground parking,,True,miklat_finder_d4g,
444,32.103653,34.799124,מרכז יצחק רבין,לבנון 8 תל אביב,,Tel Aviv,underground parking,,True,miklat_finder_d4g,
445,32.075311,34.783858,בית אמות משפט,שאול המלך 8 תל אביב,,Tel Aviv,underground parking,,True,miklat_finder_d4g,
446,32.063392,34.775525,בנק הפועלים,יהודה הלוי 63 תל אביב,,Tel Aviv,underground parking,,True,"miklat_finder_d4g,tlv_mymaps",
447,32.064232,34.774425,בית ציון,רוטשילד 41 תל אביב,,Tel Aviv,underground parking,,True,miklat_finder_d4g,
448,32.065894,34.782837,בית רובינשטיין,בגין מנחם 37 תל אביב,,Tel Aviv,underground parking,,True,"miklat_finder_d4g,tlv_mymaps",
449,32.062194,34.790424,בית קנדה,השלושה 9 תל אביב,,Tel Aviv,underground parking,,True,miklat_finder_d4g,
450,32.062831,34.782228,עמגר,ריב ל 7 תל אביב,,Tel Aviv,underground parking,,True,miklat_finder_d4g,
451,32.088828,34.797293,ג'י צמרת,ניסים אלוני 10 תל אביב,,Tel Aviv,underground parking,,True,"miklat_finder_d4g,tlv_mymaps",
452,32.06119,34.774968,גינת השרון,החשמל 9 תל אביב,,Tel Aviv,underground parking,,True,"miklat_finder_d4g,tlv_mymaps",
453,32.070276,34.794943,בית צרפת (דלדר) בע מ,תובל 5 תל אביב,,Tel Aviv,underground parking,,True,"miklat_finder_d4g,tlv_mymaps",
454,32.122882,34.816512,ג'י תל ברוך,בקר 8 תל אביב,,Tel Aviv,underground parking,,True,"miklat_finder_d4g,tlv_mymaps",
455,32.064197,34.788116,בית עובד,בית עובד 15 תל אביב,,Tel Aviv,underground parking,,True,"miklat_finder_d4g,tlv_mymaps",
456,32.081313,34.781527,בית אליהו,אבן גבירול 2 תל אביב,,Tel Aviv,underground parking,,True,miklat_finder_d4g,
457,32.087363,34.774026,מגדל רמז,ארלוזרוב 101 תל אביב,,Tel Aviv,underground parking,,True,miklat_finder_d4g,
458,32.0672,34.793221,אשדר,יגאל אלון 90 תל אביב,,Tel Aviv,underground parking,,True,miklat_finder_d4g,
459,32.074585,34.783265,המגדל,פריש 3 תל אביב,,Tel Aviv,underground parking,,True,miklat_finder_d4g,
460,32.160423,34.810224,מגדל הסחר הבינלאומי,שנקר אריה 3 תל אביב,,Tel Aviv,underground parking,,True,miklat_finder_d4g,
461,32.107119,34.834508,בית מקאן אריקסון,ולנברג 2א תל אביב,,Tel Aviv,underground parking,,True,miklat_finder_d4g,
462,32.061707,34.783133,אבן זיו,יד חרוצים 14 תל אביב,,Tel Aviv,underground parking,,True,"miklat_finder_d4g,tlv_mymaps",
463,32.07945,34.774445,מגדל פרישמן,פרישמן 46 תל אביב,,Tel Aviv,underground parking,,True,"miklat_finder_d4g,tlv_mymaps",
464,32.077706,34.789838,בית אמות השקעות,שאול המלך 35 תל אביב,,Tel Aviv,underground parking,,True,miklat_finder_d4g,
465,32.05294,34.754709,הרובע,רבי פנחס 4 תל אביב,,Tel Aviv,underground parking,,True,miklat_finder_d4g,
466,32.079533,34.771557,תל נורדאו,פרישמן 28 תל אביב,,Tel Aviv,underground parking,,True,"miklat_finder_d4g,tlv_mymaps",
467,32.12602,34.788601,בית יכין,אבן גבירול 14 תל אביב,,Tel Aviv,underground parking,,True,"miklat_finder_d4g,tlv_mymaps",
468,32.084431,34.786971,מגדלי שקל,ארלוזורוב 111 תל אביב,,Tel Aviv,underground parking,,True,"miklat_finder_d4g,tlv_mymaps",
469,32.034212,34.745838,חוצות יפו,יפת 246 תל אביב,,Tel Aviv,underground parking,,True,"miklat_finder_d4g,tlv_mymaps",
470,32.077605,34.771946,הכיכר,לוריא 8 תל אביב,,Tel Aviv,underground parking,,True,"miklat_finder_d4g,tlv_mymaps",
471,32.089224,34.770662,מלון הילטון,הירקון 205 תל אביב,,Tel Aviv,underground parking,,True,"miklat_finder_d4g,tlv_mymaps",
472,32.039871,34.748077,נאות התיכון,טולוז 8 תל אביב,,Tel Aviv,underground parking,,True,"miklat_finder_d4g,tlv_mymaps",
473,32.127174,34.82851,אחוזת צהלה,ארגוב 22 תל אביב,,Tel Aviv,underground parking,,True,miklat_finder_d4g,
474,32.06462,34.77433,הבורסה לני ע,אחד העם 54 תל אביב,,Tel Aviv,underground parking,,True,"miklat_finder_d4g,tlv_mymaps",
475,32.090094,34.779429,אחוזת החוף בזל,בזל 35 תל אביב,,Tel Aviv,underground parking,,True,"miklat_finder_d4g,tlv_mymaps",
476,32.077891,34.790694,בית הדר דפנה,שאול המלך 39 תל אביב,,Tel Aviv,underground parking,,True,miklat_finder_d4g,
477,32.067492,34.785465,בית מעיה (המלאכה) ,בגין מנחם 74 תל אביב,,Tel Aviv,underground parking,,True,miklat_finder_d4g,
478,32.079598,34.781549,בית הכוהנים,צייטלין 1 תל אביב,,Tel Aviv,underground parking,,True,"miklat_finder_d4g,tlv_mymaps",
479,32.061505,34.771349,בנק לאומי,יהודה הלוי 34 תל אביב,,Tel Aviv,underground parking,,True,"miklat_finder_d4g,tlv_mymaps",
480,32.060171,34.77163,לוינסקי ,לוינסקי 39 תל אביב,,Tel Aviv,underground parking,,True,miklat_finder_d4g,
481,32.062366,34.779503,פנינת הסיטי ,הרכבת 28 תל אביב,,Tel Aviv,underground parking,,True,"miklat_finder_d4g,tlv_mymaps",
482,32.073821,34.795428,בית קליפורניה ,אלון יגאל 120 תל אביב,,Tel Aviv,underground parking,,True,miklat_finder_d4g,
483,32.063907,34.773007,בית ביניים,אלנבי 105 תל אביב,,Tel Aviv,underground parking,,True,miklat_finder_d4g,
484,32.075597,34.767833,מלון מטרופוליטן,טרומפלדור 15 תל אביב,,Tel Aviv,underground parking,,True,miklat_finder_d4g,
485,32.037199,34.746175,מרכז לשלום,קדם 132 תל אביב,,Tel Aviv,underground parking,,True,"miklat_finder_d4g,tlv_mymaps",
486,32.125122,34.801149,מרכז שוסטר,אליהו חכים 2 תל אביב,,Tel Aviv,underground parking,,True,"miklat_finder_d4g,tlv_mymaps",
487,32.094989,34.798072,קולנוע דקל,הרצוג 24 תל אביב,,Tel Aviv,underground parking,,True,miklat_finder_d4g,
488,32.090788,34.789105,מגה פנקס,פנקס 48 תל אביב,,Tel Aviv,underground parking,,True,"miklat_finder_d4g,tlv_mymaps",
489,32.077366,34.766837,מלון פלאזה אורכידאה,הירקון 79 תל אביב,,Tel Aviv,underground parking,,True,miklat_finder_d4g,
490,32.0853,34.781806,עתידים,2229 3 Tel Aviv,,Tel Aviv,underground parking,,True,tlv_mymaps,חניון מחסה עתידים 
491,32.064473,34.769912,בית הרכב,Ahad Ha'am 9 Tel Aviv,,Tel Aviv,underground parking,,True,tlv_mymaps,חניון מחסה בית הרכב 
492,32.022198,34.861962,בית ויקטוריה,Hamelacha 3 Tel Aviv,,Tel Aviv,underground parking,,True,tlv_mymaps,חניון מחסה בית ויקטוריה 
493,32.067817,34.786137,בית לאה גולדברג,Begin  Menahem 86 Tel Aviv,,Tel Aviv,underground parking,,True,tlv_mymaps,חניון מחסה בית לאה גולדברג 
494,32.065495,34.782995,עזריאלי טאון בניין E,Begin  Menahem 148 Tel Aviv,,Tel Aviv,underground parking,,True,tlv_mymaps,חניון מחסה עזריאלי טאון בניין E 
495,32.057124,34.85506,בית מעיה (המלאכה) ,Begin  Menahem 74 Tel Aviv,,Tel Aviv,underground parking,,True,tlv_mymaps,"חניון מחסה בית מעיה (המלאכה)  א-ה 7:00-23:00, ו 6:30-14:00"
496,32.070428,34.785577,התיכון,Ha'arba'ah 19 Tel Aviv,,Tel Aviv,underground parking,,True,tlv_mymaps,חניון מחסה התיכון 
497,32.091885,34.835597,מגדל האופרה,Hayarden 4 Tel Aviv,,Tel Aviv,underground parking,,True,tlv_mymaps,חניון מחסה מגדל האופרה 
498,32.062718,34.762865,מגדל הסחר הבינלאומי,Shenkar 3 Tel Aviv,,Tel Aviv,underground parking,,True,tlv_mymaps,חניון מחסה מגדל הסחר הבינלאומי 
499,32.012865,34.791335,הרובע,Rabbi Pinchas 4 Tel Aviv,,Tel Aviv,underground parking,,True,"tlv_mymaps,miklat_finder_d4g",חניון מחסה הרובע 
500,32.092527,34.831513,מגדלי אביב,Begin  Menahem 46 Tel Aviv,,Tel Aviv,underground parking,,True,tlv_mymaps,חניון מחסה מגדלי אביב 
501,32.07826,34.790524,בית הדר דפנה,Dafna 8 Tel Aviv,,Tel Aviv,underground parking,,True,tlv_mymaps,חניון מחסה בית הדר דפנה 
502,32.095056,34.838059,מלון מטרופוליטן,Trumpeldor 15 Tel Aviv,,Tel Aviv,underground parking,,True,tlv_mymaps,חניון מחסה מלון מטרופוליטן 
503,32.16558,34.845796,בית ביניים,Ahad Ha'am 40 Tel Aviv,,Tel Aviv,underground parking,,True,tlv_mymaps,חניון מחסה בית ביניים 
504,32.071308,34.764122,מלון פלאזה אורכידאה,Samuel 79 Tel Aviv,,Tel Aviv,underground parking,,True,tlv_mymaps,חניון מחסה מלון פלאזה אורכידאה 
505,32.070385,34.784672,מגדל המילניום,Ha'arba'ah 17 Tel Aviv,,Tel Aviv,underground parking,,True,tlv_mymaps,חניון מחסה מגדל המילניום 
506,32.064577,34.786679,בית ישראכרט,Beit Oved 3 Tel Aviv,,Tel Aviv,underground parking,,True,"tlv_mymaps,miklat_finder_d4g",חניון מחסה בית ישראכרט 
507,32.062469,34.79052,בית קנדה,Nirim 3 Tel Aviv,,Tel Aviv,underground parking,,True,"tlv_mymaps,miklat_finder_d4g",חניון מחסה בית קנדה 
508,31.999798,34.805099,חצרות יפו,Yerushalayim 17 Tel Aviv,,Tel Aviv,underground parking,,True,tlv_mymaps,חניון מחסה חצרות יפו 
509,32.084786,34.786406,מגדל רמז,Arlozorov 101 Tel Aviv,,Tel Aviv,underground parking,,True,tlv_mymaps,חניון מחסה מגדל רמז 
510,32.16759,34.837469,בית אליהו,Ibn Gvirol 2 Tel Aviv,,Tel Aviv,underground parking,,True,tlv_mymaps,חניון מחסה בית אליהו 
511,32.074322,34.782258,המגדל,Frisch 0 Tel Aviv,,Tel Aviv,underground parking,,True,tlv_mymaps,"חניון מחסה המגדל א-ה 24 שעות, ו 6:00-16:00"
512,32.077374,34.791358,מתחם שרונה‎,חניון שרונה,,Tel Aviv,underground parking,,True,tlv_mymaps,חניון מחסה מתחם שרונה ‎
513,32.047772,34.817069,בית אפריקה ישראל,Ahad Ha'am 14 Tel Aviv,,Tel Aviv,underground parking,,True,tlv_mymaps,
514,32.124898,34.80371,חניון אל רם (מרכז שוסטר - הצד המזרחי),Aba Ahimeir 29 Tel Aviv,,Tel Aviv,underground parking,,True,tlv_mymaps,"אבא אחימאיר 25-29, 5 כניסות דרך פתחים ברחבי המרכז"
515,32.071988,34.788885,עזריאלי שרונה,Begin  Menahem 121 Tel Aviv,,Tel Aviv,underground parking,,True,tlv_mymaps,
516,32.070594,34.800814,"תוה""א‎",HaShalom 5 Tel Aviv,,Tel Aviv,underground parking,,True,tlv_mymaps,
517,32.093755,34.783638,חניון בצלאל,HaMakabi 2 Tel Aviv,,Tel Aviv,underground parking,,True,tlv_mymaps,
518,32.107431,34.812506,אקספו,Remba 8 Tel Aviv,,Tel Aviv,underground parking,,True,tlv_mymaps,
519,32.060334,34.782124,הרכבת 58,Harakevet 58 Tel Aviv,,Tel Aviv,underground parking,,True,"tlv_mymaps,miklat_finder_d4g",
520,32.107805,34.838592,אסותא רמת החייל,Ha-barzel 20 Tel Aviv,,Tel Aviv,underground parking,,True,tlv_mymaps,חניון מחסה אסותא רמת החייל 
521,32.112169,34.795753,קניון רמת אביב,Einstein 40 Tel Aviv,,Tel Aviv,underground parking,,True,tlv_mymaps,חניון מחסה קניון רמת אביב 
522,32.058629,34.809554,רמת הטייסים,אשרמן יוסף 25 תל אביב,,Tel Aviv,public shelter,,True,miklat_finder_d4g,
523,32.065166,34.775086,"93-92 בי""ס בית יעקב,מ.סינון",יפה בצלאל 8  תל אביב,,Tel Aviv,public shelter,,True,miklat_finder_d4g,
524,32.065391,34.781904,"בי""ס לאומנויות",סעדיה גאון 6 תל אביב,,Tel Aviv,public shelter,,True,miklat_finder_d4g,
525,32.056558,34.7737,"94 פינת השוק,מ.פיס",פרנקל ידידיה 44 תל אביב,,Tel Aviv,public shelter,,True,"miklat_finder_d4g,tlv_mymaps",
526,32.059301,34.781804,"מוסד שיקום אגף רווחה,מ.פיס 93 מען למכתבים מרש""ל מרכז לעיוור רח' הגר""א 28 ת""אסגור זמנית - לא לפתיחה","הגר""א 28 תל אביב",,Tel Aviv,public shelter,,True,miklat_finder_d4g,
527,32.058476,34.834125,19-17 בית משותף/בחצר                בין הבתים,העליה 17 תל אביב,,Tel Aviv,public shelter,,True,miklat_finder_d4g,
528,32.060583,34.771881,פינת השוק,יפו 44 תל אביב,,Tel Aviv,public shelter,,True,"miklat_finder_d4g,tlv_mymaps",
529,32.057352,34.778812, סגור זמנית - לא לפתיחה,לוינסקי 95 תל אביב,,Tel Aviv,public shelter,,True,miklat_finder_d4g,
530,32.061487,34.774715,גינת השרון חדש 2004           יש מונה חשמל,לבונטין 8 תל אביב,,Tel Aviv,public shelter,,True,"miklat_finder_d4g,tlv_mymaps",
531,32.057365,34.790862,פינת וודווד 'מ.סינון98,פטרסון 3 תל אביב,,Tel Aviv,public shelter,,True,"miklat_finder_d4g,tlv_mymaps",
532,32.058884,34.792312,"פינת לה גרדיה, תאטרון         זוגי",אלון יגאל 46 תל אביב,,Tel Aviv,public shelter,,True,miklat_finder_d4g,
533,32.061772,34.798388,98 הסבה בסיוע מפעל הפיס          מערכת סינון,הסיירים 2 תל אביב,,Tel Aviv,public shelter,,True,miklat_finder_d4g,
534,32.06297,34.796393,הסבה בסיוע מפעל הפיס          זוגי,"הפלמ""ח 30 תל אביב",,Tel Aviv,public shelter,,True,"miklat_finder_d4g,tlv_mymaps",
535,32.056212,34.798175,"95 מול בית מס' 30, מ.סינון 95    ""עמותת"" אוהל יוסף בית זכריה   מזגן","החי""ל 30 תל אביב",,Tel Aviv,public shelter,,True,miklat_finder_d4g,
536,32.056271,34.794994,"מול בית מס' 18,מערכת סינוןאב""כ2006","החי""ל 18 תל אביב",,Tel Aviv,public shelter,,True,miklat_finder_d4g,
537,32.052796,34.793573,גן התקוה,ורד 7 תל אביב,,Tel Aviv,public shelter,,True,"miklat_finder_d4g,tlv_mymaps",
538,32.050838,34.796658,גן התקוה ליד גן הילדיםסגור זמנית - לא לפתיחה,גבעתי 2 תל אביב,,Tel Aviv,public shelter,,True,miklat_finder_d4g,
539,32.047225,34.796191,".בי""ס מפתן אלון צד ימין גדול","לח""י 66 תל אביב",,Tel Aviv,public shelter,,True,"miklat_finder_d4g,tlv_mymaps",
540,32.047897,34.793273,פינת רחוב עברי,"אצ""ל 76 תל אביב",,Tel Aviv,public shelter,,True,"miklat_finder_d4g,tlv_mymaps",
541,32.051806,34.791391,מתחת לכביש פינת רחוב סימן טוב,"אצ""ל 34 תל אביב",,Tel Aviv,public shelter,,True,miklat_finder_d4g,
542,32.052421,34.791315,".2003 מתחת לכביש פינת רחוב נוריאל   מערכת אב""כ","אצ""ל 24 תל אביב",,Tel Aviv,public shelter,,True,miklat_finder_d4g,
543,32.053392,34.791114,"2000 מתחת לכביש פינת השכל          מ. סינון אב""כ","אצ""ל 6 תל אביב",,Tel Aviv,public shelter,,True,miklat_finder_d4g,
544,32.050334,34.789661,"מזגן 2002. עמותת מכורים אנונימים    NA    95 מעון ילדים ויצו,מ.סינון",התקוה 70 תל אביב,,Tel Aviv,public shelter,,True,"miklat_finder_d4g,tlv_mymaps",
545,32.060545,34.796841,"בי""ס גבורי ישראל        הסבה",יד לבנים 18 תל אביב,,Tel Aviv,public shelter,,True,"miklat_finder_d4g,tlv_mymaps",
546,32.049544,34.794706,29 'מול בית מס,בועז 29 תל אביב,,Tel Aviv,public shelter,,True,miklat_finder_d4g,
547,32.047326,34.793408,"(בי""ס חורב, מען למכתבים בני    עקיבא עמישב 33 יד אליהו ת""א   )עמותה","לח""י 46 תל אביב",,Tel Aviv,public shelter,,True,"miklat_finder_d4g,tlv_mymaps",
548,32.056593,34.787312,"בי""ס עירוני ח' בראשית         הסבה",אנילביץ מרדכי 12 תל אביב,,Tel Aviv,public shelter,,True,miklat_finder_d4g,
549,32.051154,34.794136,"בי""ס הירדן              הסבה",מושיע 21 תל אביב,,Tel Aviv,public shelter,,True,"miklat_finder_d4g,tlv_mymaps",
550,32.056218,34.791572,"בי""ס מודיעין, מזגן אויר",אלון יגאל 31 תל אביב,,Tel Aviv,public shelter,,True,miklat_finder_d4g,
551,32.057571,34.802708,'קרית חינוך יד אליהו           עירוני ט,טשרנא 7 תל אביב,,Tel Aviv,public shelter,,True,miklat_finder_d4g,
552,32.051212,34.796381,"בי""ס הגליל",גבעתי 4 תל אביב,,Tel Aviv,public shelter,,True,miklat_finder_d4g,
553,32.045561,34.806291,"בי""ס בעל שם טוב               בני עקיבא )עמותה(             מ.מכתבים,עמישב 33,יד אליהו ת-א",לובטקין צביה 35 תל אביב,,Tel Aviv,public shelter,,True,miklat_finder_d4g,
554,32.057598,34.798807,"2005 יד אליהו מערכת סינון אב""כ",דימונה 21 תל אביב,,Tel Aviv,public shelter,,True,"miklat_finder_d4g,tlv_mymaps",
555,32.061142,34.795076,21-23 מול בתים,יד לבנים 19 תל אביב,,Tel Aviv,public shelter,,True,"miklat_finder_d4g,tlv_mymaps",
556,32.061205,34.792953,יד אליהו,יד לבנים 7 תל אביב,,Tel Aviv,public shelter,,True,"miklat_finder_d4g,tlv_mymaps",
557,32.056873,34.797209,"בי""ס רוקח","החי""ל 29 תל אביב",,Tel Aviv,public shelter,,True,miklat_finder_d4g,
558,32.055677,34.792329,מכללת תל-אביב,אלון יגאל 30 תל אביב,,Tel Aviv,public shelter,,True,miklat_finder_d4g,
559,32.051986,34.780513,"התיבונים 26, ניתן להכנס דרך מגרש הכדורסל מהצד השני וגם מרחוב טורי זהב דרך שביל הבטון, פעילות חברתית",טורי זהב 15 תל אביב,,Tel Aviv,public shelter,,True,"miklat_finder_d4g,tlv_mymaps",
560,32.053195,34.796681,פינת גבעתי              הסבה,ההגנה 110 תל אביב,,Tel Aviv,public shelter,,True,miklat_finder_d4g,
561,32.048484,34.793875,"2000 שכ' התקווה, הסבה              מ. סינון",כצנלסון בת-שבע 22 תל אביב,,Tel Aviv,public shelter,,True,miklat_finder_d4g,
562,32.053353,34.793692,שכ' התקווה              הסבה,רשף 18 תל אביב,,Tel Aviv,public shelter,,True,"miklat_finder_d4g,tlv_mymaps",
563,32.066003,34.799248, ,דיין משה 116 תל אביב,,Tel Aviv,public shelter,,True,"miklat_finder_d4g,tlv_mymaps",
564,32.060517,34.79795,"2000 יד אליהו, מערכת ס. אב""כ",יד לבנים 22 תל אביב,,Tel Aviv,public shelter,,True,"miklat_finder_d4g,tlv_mymaps",
565,32.06056,34.798717,יד אליהו,יד לבנים 26 תל אביב,,Tel Aviv,public shelter,,True,"miklat_finder_d4g,tlv_mymaps",
566,32.061047,34.796869,98 חדש 95.מ.סינון,יד לבנים 29 תל אביב,,Tel Aviv,public shelter,,True,miklat_finder_d4g,
567,32.053785,34.779846,",94 בי""ס שורשים, מפעל הפיס",שלמה 156 תל אביב,,Tel Aviv,public shelter,,True,"miklat_finder_d4g,tlv_mymaps",
568,32.052662,34.778489,31 'מול בית מס,בעל העקידה 31 תל אביב,,Tel Aviv,public shelter,,True,miklat_finder_d4g,
569,32.050286,34.780906,27 מערכת סינון 2000 מען למכתבים  מרכז קהילתי שפירא רח' מסלנט,ישראל מסלנט 27 תל אביב,,Tel Aviv,public shelter,,True,"miklat_finder_d4g,tlv_mymaps",
570,32.049323,34.777376,"מערכת ס.אב""כ 2000             פינת מאור הגולה שכ' שפירא",שיפר 8 תל אביב,,Tel Aviv,public shelter,,True,"miklat_finder_d4g,tlv_mymaps",
571,32.047036,34.775698,". שכ' סלע, ק. שלום )בית כנסת(   עמותת שערי אשר 03-5181688     אל המעייןסגור זמנית - לא לפתיחה","ניל""י 7 תל אביב",,Tel Aviv,public shelter,,True,miklat_finder_d4g,
572,32.050157,34.781591,".2003 בית משותף, שכ' עובדים         מערכת אב""כ",ישראל מסלנט 26 תל אביב,,Tel Aviv,public shelter,,True,"miklat_finder_d4g,tlv_mymaps",
573,32.052007,34.776447,"2000 שכ' שפירא, מ. סינון",פלקירה 7 תל אביב,,Tel Aviv,public shelter,,True,miklat_finder_d4g,
574,32.049623,34.782738,שכונת שפירא בית כנסת קיבוץ גלויות,כרם חמד 8 תל אביב,,Tel Aviv,public shelter,,True,miklat_finder_d4g,
575,32.049735,34.774795,".2004    שכונת שפירא,מערכת סינון אב""כ",רבי מאיר בעל הנס 5 תל אביב,,Tel Aviv,public shelter,,True,miklat_finder_d4g,
576,32.065877,34.796543,"120 מול קרימיניצקי, מ. סינון 96   מועדון הנוער העובד והלומד מען למכתבים קיבוץ גלויות",ההשכלה 12 תל אביב,,Tel Aviv,public shelter,,True,miklat_finder_d4g,
577,32.057808,34.808094,"2000 רמת הטייסים,סינון אב""בסגור זמנית - לא לפתיחה",אשרמן יוסף 9 תל אביב,,Tel Aviv,public shelter,,True,miklat_finder_d4g,
578,32.056717,34.810214,"בי""ס צבי שפירא",הצבי 5 תל אביב,,Tel Aviv,public shelter,,True,miklat_finder_d4g,
579,32.060306,34.807775,"בי""ס גיל",עמישב 50 תל אביב,,Tel Aviv,public shelter,,True,"miklat_finder_d4g,tlv_mymaps",
580,32.063731,34.804283,"מול 18-20 שכון עממי ג',       מ.סינון 96 אגודה ישראלית      לאפילפסיה",עמישב 18 תל אביב,,Tel Aviv,public shelter,,True,"miklat_finder_d4g,tlv_mymaps",
581,32.06165,34.805141,",תל חיים",השלום 103 תל אביב,,Tel Aviv,public shelter,,True,"miklat_finder_d4g,tlv_mymaps",
582,32.063829,34.780991,חניון מחסה,מנחם בגין 52 תל אביב,,Tel Aviv,public shelter,,True,miklat_finder_d4g,
583,32.064207,34.773019,"חניון מחסהא'-ה' מ 06:30 עד 20:00
ו' מ 06:30 עד 14:00

בעת חירום ניתן האפשרות לכל הולך רגל מזדמן להכנס לחניון דרך הרמפה. אין שילוט להכוונת הולכי רגל לחניון בשעת חירום.",אחד העם 40 תל אביב,,Tel Aviv,public shelter,,True,miklat_finder_d4g,
584,32.053573,34.810347,"מקלט בי""ס תל חי ",מעפילי אגוז 74 תל אביב,,Tel Aviv,public shelter,,True,miklat_finder_d4g,
585,32.055794,34.772722,"מקלט בי""ס ביאליק רוגוזין ",העליה 49 תל אביב,,Tel Aviv,public shelter,,True,"miklat_finder_d4g,tlv_mymaps",
586,32.052715,34.799835,"מקלט בי""ס נתיב",משה דיין 45 תל אביב,,Tel Aviv,public shelter,,True,miklat_finder_d4g,
587,32.04711,34.789571,"מקלט בי""ס בית יעקב ",תשרי 4 תל אביב,,Tel Aviv,public shelter,,True,"miklat_finder_d4g,tlv_mymaps",
588,32.013019,34.748266,2,רבינוביץ 3 בת ים,,Bat Yam,public shelter,,True,miklat_finder_d4g,
589,32.006926,34.752899,3,הבנים  4 בת ים,,Bat Yam,public shelter,,True,miklat_finder_d4g,
590,32.02869,34.754459,4,קדושי לוצק 18 בת ים,,Bat Yam,public shelter,,True,miklat_finder_d4g,
591,32.027948,34.751327,5,נגבה 13 בת ים,,Bat Yam,public shelter,,True,miklat_finder_d4g,
592,32.028766,34.757781,6,השלושה 18 בת ים,,Bat Yam,public shelter,,True,miklat_finder_d4g,
593,32.027871,34.752998,7,השלושה 52 בת ים,,Bat Yam,public shelter,,True,miklat_finder_d4g,
594,32.030422,34.752328,8,הגיבורים 40 בת ים,,Bat Yam,public shelter,,True,miklat_finder_d4g,
595,32.02973,34.758974,9,הצנחנים 5 בת ים,,Bat Yam,public shelter,,True,miklat_finder_d4g,
596,32.029099,34.756157,10,"הפלמ""ח 17 בת ים",,Bat Yam,public shelter,,True,miklat_finder_d4g,
597,32.023396,34.759831,11,"קק""ל 13 בת ים",,Bat Yam,public shelter,,True,miklat_finder_d4g,
598,32.016692,34.760546,12,הנרייטה סולד 11 בת ים,,Bat Yam,public shelter,,True,miklat_finder_d4g,
599,32.019272,34.745402,13,בלפור 84 בת ים,,Bat Yam,public shelter,,True,miklat_finder_d4g,
600,32.028936,34.743152,14,הרצל 52 בת ים,,Bat Yam,public shelter,,True,miklat_finder_d4g,
601,32.019718,34.755851,16,לויתן 5 בת ים,,Bat Yam,public shelter,,True,miklat_finder_d4g,
602,32.019063,34.752465,17,רמז 7 בת ים,,Bat Yam,public shelter,,True,miklat_finder_d4g,
603,32.167887,34.824986,217,הרצליה‎ איצטדיון - יוסף נבו ‎,,Herzliya,public shelter,,True,miklat_finder_d4g,
604,32.151636,34.843663,102,הרצליה‎ הגאון מוילנה 13,,Herzliya,public shelter,,True,miklat_finder_d4g,
605,32.167684,34.830828,182,הרצליה‎ הרצליה,,Herzliya,public shelter,,True,miklat_finder_d4g,
606,32.166697,34.836299,157,הרצליה‎ הקוצרים 10,,Herzliya,public shelter,,True,miklat_finder_d4g,
607,32.175161,34.853958,131,הרצליה‎ הרי גלעד 51,,Herzliya,public shelter,,True,miklat_finder_d4g,
608,32.172298,34.854392,134,הרצליה‎ רביבים 23,,Herzliya,public shelter,,True,miklat_finder_d4g,
609,32.176465,34.853901,101,הרצליה‎ הבשן 14,,Herzliya,public shelter,,True,miklat_finder_d4g,
610,32.176203,34.853074,160,הרצליה‎ הרי גולן 4,,Herzliya,public shelter,,True,miklat_finder_d4g,
611,32.173972,34.854233,123,הרצליה‎ הר עצמון 18,,Herzliya,public shelter,,True,miklat_finder_d4g,
612,32.175847,34.85414,130,הרצליה‎ מעפילי מרוקו 24,,Herzliya,public shelter,,True,miklat_finder_d4g,
613,32.176525,34.855913,161,הרצליה‎ הר שומרון  2,,Herzliya,public shelter,,True,miklat_finder_d4g,
614,32.173205,34.852214,132,הרצליה‎ הר סיני 2-4,,Herzliya,public shelter,,True,miklat_finder_d4g,
615,32.157274,34.842341,184,הרצליה‎ 14-16 בן גוריון,,Herzliya,public shelter,,True,miklat_finder_d4g,
616,32.813625,34.991311,154,הרצליה‎ הדר 37,Hadar and Downtown Lower City,Herzliya,public shelter,,True,"miklat_finder_d4g,haifa_pdf",
617,32.163999,34.852146,185,הרצליה‎ הרב גורן  7,,Herzliya,public shelter,,True,miklat_finder_d4g,
618,32.162401,34.84751,173,הרצליה‎ הבנים 2,,Herzliya,public shelter,,True,miklat_finder_d4g,
619,32.164079,34.847561,155,הרצליה‎ הכוזרי 1,,Herzliya,public shelter,,True,miklat_finder_d4g,
620,32.158732,34.83571,103,הרצליה‎ בר כוכבא  86,,Herzliya,public shelter,,True,miklat_finder_d4g,
621,32.156415,34.836345,119,הרצליה‎ סעדיה גאון 2,,Herzliya,bomb_shelter,,True,"miklat_finder_d4g,openstreetmap",
622,32.155295,34.837396,137,הרצליה‎ עוזיאל 85,,Herzliya,public shelter,,True,miklat_finder_d4g,
623,32.164823,34.857717,147,הרצליה‎ יצחק שדה 34,,Herzliya,public shelter,,True,miklat_finder_d4g,
624,32.161315,34.860435,141,הרצליה‎ רבן גמליאל 20,,Herzliya,public shelter,,True,miklat_finder_d4g,
625,32.171338,34.85614,169,הרצליה‎ אחווה 5,,Herzliya,public shelter,,True,miklat_finder_d4g,
626,32.17181,34.85966,125,הרצליה‎ רחל 25,,Herzliya,public shelter,,True,miklat_finder_d4g,
627,32.167956,34.863136,145,הרצליה‎ אבוקה 6,,Herzliya,public shelter,,True,miklat_finder_d4g,
628,32.161155,34.856095,146,"הרצליה‎ האר""י 5",,Herzliya,public shelter,,True,miklat_finder_d4g,
629,32.162551,34.863281,148,הרצליה‎ פורצי הדרך  34,,Herzliya,public shelter,,True,miklat_finder_d4g,
630,32.16158,34.862877,149,הרצליה‎ גיל 79,,Herzliya,public shelter,,True,miklat_finder_d4g,
631,32.162452,34.853667,150,הרצליה‎ י.ל.פרץ 33,,Herzliya,public shelter,,True,miklat_finder_d4g,
632,32.167822,34.855654,151,הרצליה‎ הרקפות  6,,Herzliya,public shelter,,True,miklat_finder_d4g,
633,32.184555,34.81367,211,הרצליה‎ העירית 31,,Herzliya,public shelter,,True,miklat_finder_d4g,
634,32.185092,34.814517,212,הרצליה‎ הפועל 14,,Herzliya,public shelter,,True,miklat_finder_d4g,
635,32.082547,34.808411,20,לאן 25 רמת גן,,Ramat Gan,public shelter,,True,miklat_finder_d4g,
636,32.070889,34.817901,30,עמל 23 רמת גן,,Ramat Gan,public shelter,,True,miklat_finder_d4g,
637,32.081802,34.805827,43,ארלוזורוב 52 רמת גן,,Ramat Gan,public shelter,,True,miklat_finder_d4g,
638,32.068687,34.824681,54,רמת גן,,Ramat Gan,public shelter,,True,miklat_finder_d4g,
639,32.05283,34.82166,62,סן מרטין 5 רמת גן,,Ramat Gan,public shelter,,True,miklat_finder_d4g,
640,32.052669,34.822064,63,סן מרטין 11 רמת גן,,Ramat Gan,public shelter,,True,miklat_finder_d4g,
641,32.05337,34.822702,64,סן מרטין 17 רמת גן,,Ramat Gan,public shelter,,True,miklat_finder_d4g,
642,32.065608,34.843957,121,אוניברסיטת בר אילן רמת גן ראמת גן,,Ramat Gan,public shelter,,True,miklat_finder_d4g,
643,32.052198,34.839081,132,"הבנים 20-כפר אז""ר רמת גן",,Ramat Gan,public shelter,,True,miklat_finder_d4g,
644,31.896948,34.820965,62,חיים סירני 34 רחובות,,Rehovot,public shelter,,True,miklat_finder_d4g,
645,31.935746,34.804389,47,מרגולין 20 רחובות,,Rehovot,public shelter,,True,miklat_finder_d4g,
646,31.881202,34.826085,65,אלומות 37 רחובות,,Rehovot,public shelter,,True,miklat_finder_d4g,
647,31.883411,34.818887,68,דב הוז 11 רחובות,,Rehovot,public shelter,,True,miklat_finder_d4g,
648,31.882725,34.817393,70,דב הוז 1 רחובות,,Rehovot,public shelter,,True,miklat_finder_d4g,
649,31.880042,34.820172,56,ההסתדרות 10 רחובות,,Rehovot,public shelter,,True,miklat_finder_d4g,
650,31.881275,34.823901,63,ההסתדרות 63 רחובות,,Rehovot,public shelter,,True,miklat_finder_d4g,
651,31.880673,34.821892,64,ההסתדרות 65 רחובות,,Rehovot,public shelter,,True,miklat_finder_d4g,
652,31.88124,34.819672,10,החבורה 12 רחובות,,Rehovot,public shelter,,True,miklat_finder_d4g,
653,31.881306,34.818582,45,יוסף טרומפלדור 13 רחובות,,Rehovot,public shelter,,True,miklat_finder_d4g,
654,31.889328,34.819191,78 א,הרב זכריה מדר 22 רחובות,,Rehovot,public shelter,,True,miklat_finder_d4g,
655,31.888934,34.82201,87,נפתלי  בן אפרים  3 רחובות,,Rehovot,public shelter,,True,miklat_finder_d4g,
656,31.874772,34.816522,57,הנרקיסים 13 רחובות,,Rehovot,public shelter,,True,miklat_finder_d4g,
657,31.893447,34.776145,81,דוד אלעזר 0 רחובות,,Rehovot,public shelter,,True,miklat_finder_d4g,
658,31.883392,34.813665,11,משה מזרחי 43 רחובות,,Rehovot,public shelter,,True,miklat_finder_d4g,
659,31.928434,34.796399,100,בילו 2 רחובות,,Rehovot,public shelter,,True,miklat_finder_d4g,
660,31.89107,34.810734,86,בתיה מקוב 18 רחובות,,Rehovot,public shelter,,True,miklat_finder_d4g,
661,31.892017,34.80776,66,גיבורי ישראל 2 רחובות,,Rehovot,public shelter,,True,miklat_finder_d4g,
662,31.895586,34.819565,60,הצנחנים 11 רחובות,,Rehovot,public shelter,,True,miklat_finder_d4g,
663,31.895814,34.82075,61,הצנחנים 15 רחובות,,Rehovot,public shelter,,True,miklat_finder_d4g,
664,31.897131,34.816556,102,יעקב 43 רחובות,,Rehovot,public shelter,,True,miklat_finder_d4g,
665,31.892986,34.812795,8,שלמה גולדין 2 רחובות,,Rehovot,public shelter,,True,miklat_finder_d4g,
666,31.893594,34.815677,51,נורדאו 14 רחובות,,Rehovot,public shelter,,True,miklat_finder_d4g,
667,31.89419,34.805078,90,מרשוב 3 רחובות,,Rehovot,public shelter,,True,miklat_finder_d4g,
668,31.888737,34.805572,48,ברנר 6 רחובות,,Rehovot,public shelter,,True,miklat_finder_d4g,
669,31.886506,34.802189,7,יגאל יחיא 9 רחובות,,Rehovot,public shelter,,True,miklat_finder_d4g,
670,31.884798,34.821951,46,ישראל נג'ארה 46 רחובות,,Rehovot,public shelter,,True,miklat_finder_d4g,
671,31.892203,34.826307,15,גוש עציון 19 רחובות,,Rehovot,public shelter,,True,miklat_finder_d4g,
672,31.887123,34.788312,73,אשרוב 0 רחובות,,Rehovot,public shelter,,True,miklat_finder_d4g,
673,31.887326,34.785614,33,קלמן גבריאלוב  20 רחובות,,Rehovot,public shelter,,True,miklat_finder_d4g,
674,31.887708,34.78542,71,יעקב טוכמן 0 רחובות,,Rehovot,public shelter,,True,miklat_finder_d4g,
675,31.888028,34.790001,5,סטולבוב  0 רחובות,,Rehovot,public shelter,,True,miklat_finder_d4g,
676,31.966635,34.811785,55,רש''י 13 רחובות,,Rehovot,public shelter,,True,miklat_finder_d4g,
677,31.896561,34.798738,94,דוד כוכבי 0 רחובות,,Rehovot,public shelter,,True,miklat_finder_d4g,
678,31.893004,34.797656,28,דב קליין  1 רחובות,,Rehovot,public shelter,,True,miklat_finder_d4g,
679,31.888631,34.792992,52,דב בר בורוכוב 0 רחובות,,Rehovot,public shelter,,True,miklat_finder_d4g,
680,31.890584,34.79551,6,שדרות וולקני 0 רחובות,,Rehovot,public shelter,,True,miklat_finder_d4g,
681,31.892484,34.802125,49,נח קרומר 0 רחובות,,Rehovot,public shelter,,True,miklat_finder_d4g,
682,31.885567,34.812594,13,יהודה הלוי 27 רחובות,,Rehovot,public shelter,,True,miklat_finder_d4g,
683,32.022623,34.770423,מקלט מס' 1,הצפירה 10 חולון,,Holon,public shelter,,True,miklat_finder_d4g,
684,32.032391,34.764041,מקלט מס' 10,הניצנים 5 חולון,,Holon,public shelter,,True,miklat_finder_d4g,
685,32.004884,34.763241,מקלט מס' 11,האמוראים 4 חולון,,Holon,public shelter,,True,miklat_finder_d4g,
686,32.019114,34.785685,מקלט מס' 12,שכטר 5 חולון,,Holon,public shelter,,True,miklat_finder_d4g,
687,32.018378,34.808436,מקלט מס' 14,קפלן 2 חולון,,Holon,public shelter,,True,miklat_finder_d4g,
688,32.027881,34.774142,מקלט מס' 16,הגלעד 3 חולון,,Holon,public shelter,,True,miklat_finder_d4g,
689,32.017033,34.780101,מקלט מס' 17,ראש פינה 9 חולון,,Holon,public shelter,,True,miklat_finder_d4g,
690,32.016434,34.790995,מקלט מס' 18,הנביאים 19 חולון,,Holon,public shelter,,True,miklat_finder_d4g,
691,32.011631,34.790615,מקלט מס' 19,ברנדיס 6 חולון,,Holon,public shelter,,True,miklat_finder_d4g,
692,32.018889,34.773941,מקלט מס' 2,ביאליק 33 חולון,,Holon,public shelter,,True,miklat_finder_d4g,
693,32.00533,34.768124,מקלט מס' 20,אהרונוביץ 56 חולון,,Holon,public shelter,,True,miklat_finder_d4g,
694,32.032374,34.762264,מקלט מס' 23,המצודה 2 חולון,,Holon,public shelter,,True,miklat_finder_d4g,
695,32.029759,34.767694,מקלט מס' 24,אלחריזי 13 חולון,,Holon,public shelter,,True,miklat_finder_d4g,
696,32.027578,34.762563,מקלט מס' 26,פילדלפיה 5 חולון,,Holon,public shelter,,True,miklat_finder_d4g,
697,32.016915,34.773565,מקלט מס' 27,טשרניחובסקי 2 חולון,,Holon,public shelter,,True,miklat_finder_d4g,
698,32.005912,34.764354,מקלט מס' 28,התנאים 3 חולון,,Holon,public shelter,,True,miklat_finder_d4g,
699,32.022638,34.79268,מקלט מס' 29,דובנוב 14 חולון,,Holon,public shelter,,True,miklat_finder_d4g,
700,32.018366,34.781418,מקלט מס' 3,ריינס 10 חולון,,Holon,public shelter,,True,miklat_finder_d4g,
701,32.026781,34.78073,מקלט מס' 30,הגדוד העברי 11 חולון,,Holon,public shelter,,True,miklat_finder_d4g,
702,32.020086,34.7749,מקלט מס' 31,חומה ומגדל 3 חולון,,Holon,public shelter,,True,miklat_finder_d4g,
703,32.031978,34.760855,מקלט מס' 32,התותחנים 9 חולון,,Holon,public shelter,,True,miklat_finder_d4g,
704,32.008374,34.768372,מקלט מס' 33,אנילביץ 5 חולון,,Holon,public shelter,,True,miklat_finder_d4g,
705,32.018167,34.770952,מקלט מס' 34,ההסתדרות 35 חולון,,Holon,public shelter,,True,miklat_finder_d4g,
706,32.006235,34.769106,מקלט מס' 36,אופיר 5 חולון,,Holon,public shelter,,True,miklat_finder_d4g,
707,32.024674,34.775272,מקלט מס' 37,אביבים 3 חולון,,Holon,public shelter,,True,miklat_finder_d4g,
708,32.018116,34.783196,מקלט מס' 38,מוהליבר 25 חולון,,Holon,public shelter,,True,miklat_finder_d4g,
709,32.016149,34.786689,מקלט מס' 39,הכנסת 4 חולון,,Holon,public shelter,,True,miklat_finder_d4g,
710,32.014041,34.7947,מקלט מס' 4,עמוס 31 חולון,,Holon,public shelter,,True,miklat_finder_d4g,
711,32.017223,34.783798,מקלט מס' 40,הרימון 19 חולון,,Holon,public shelter,,True,miklat_finder_d4g,
712,32.018258,34.794765,מקלט מס' 41,מלאכי 8 חולון,,Holon,public shelter,,True,miklat_finder_d4g,
713,32.020002,34.787478,מקלט מס' 42,השקנאי 14 חולון,,Holon,public shelter,,True,miklat_finder_d4g,
714,32.003746,34.761058,מקלט מס' 43,הגאונים 31 חולון,,Holon,public shelter,,True,miklat_finder_d4g,
715,32.004647,34.764842,מקלט מס' 44,ג'סי כהן 10 חולון,,Holon,public shelter,,True,miklat_finder_d4g,
716,32.002578,34.764439,מקלט מס' 45,ארבע ארצות 10 חולון,,Holon,public shelter,,True,miklat_finder_d4g,
717,32.007854,34.762769,מקלט מס' 46,עין גדי 2 חולון,,Holon,public shelter,,True,miklat_finder_d4g,
718,32.007157,34.762928,מקלט מס' 47,עין גדי 14 חולון,,Holon,public shelter,,True,miklat_finder_d4g,
719,32.004007,34.766604,מקלט מס' 5,ארבע ארצות 5 חולון,,Holon,public shelter,,True,miklat_finder_d4g,
720,32.010222,34.770827,מקלט מס' 50,רמז 20 חולון,,Holon,public shelter,,True,miklat_finder_d4g,
721,32.029071,34.762228,מקלט מס' 52,חזית חמש 3 חולון,,Holon,public shelter,,True,miklat_finder_d4g,
722,32.033057,34.762836,מקלט מס' 54,הציפורן 8 חולון,,Holon,public shelter,,True,miklat_finder_d4g,
723,32.033072,34.765177,מקלט מס' 55,המצודה 5 חולון,,Holon,bomb,,True,"miklat_finder_d4g,openstreetmap",
724,32.00279,34.767838,מקלט מס' 56,אהרונוביץ 91 חולון,,Holon,public shelter,,True,miklat_finder_d4g,
725,32.032823,34.764305,מקלט מס' 57,המצודה 7 חולון,,Holon,public shelter,,True,miklat_finder_d4g,
726,32.015621,34.781393,מקלט מס' 59,התחייה 10 חולון,,Holon,public shelter,,True,miklat_finder_d4g,
727,32.026451,34.764032,מקלט מס' 6,מבצע סיני 22 חולון,,Holon,public shelter,,True,miklat_finder_d4g,
728,32.02306,34.775539,מקלט מס' 60,סוקולוב 47 חולון,,Holon,public shelter,,True,miklat_finder_d4g,
729,32.027189,34.774887,מקלט מס' 62,השומרון 6 חולון,,Holon,public shelter,,True,miklat_finder_d4g,
730,32.005853,34.790244,מקלט מס' 63,גבעת התחמושת 21 חולון,,Holon,public shelter,,True,miklat_finder_d4g,
731,32.025871,34.76402,מקלט מס' 68,קרייתי 25 חולון,,Holon,public shelter,,True,miklat_finder_d4g,
732,32.012139,34.788673,מקלט מס' 7,השחר 5 חולון,,Holon,public shelter,,True,miklat_finder_d4g,
733,32.00554,34.767068,מקלט מס' 8,העוגן 10 חולון,,Holon,public shelter,,True,miklat_finder_d4g,
734,32.020271,34.788732,מקלט מס' 9,בלבן 10 חולון,,Holon,public shelter,,True,miklat_finder_d4g,
735,31.954358,34.816426,מקלט 1,מאיר אבנר 22 ראשון לציון,,Rishon LeZion,public shelter,,True,miklat_finder_d4g,
736,31.951679,34.817794,מקלט 2,ישעיהו הנביא 16 א' ראשון לציון,,Rishon LeZion,public shelter,,True,miklat_finder_d4g,
737,31.951514,34.824137,מקלט 3,עזרא 39 א' ראשון לציון,,Rishon LeZion,public shelter,,True,miklat_finder_d4g,
738,31.950318,34.82489,מקלט 5,זרובבל 1 א' ראשון לציון,,Rishon LeZion,public shelter,,True,miklat_finder_d4g,
739,31.950898,34.828961,מקלט 6,אסירי ציון 7 א' ראשון לציון,,Rishon LeZion,public shelter,,True,miklat_finder_d4g,
740,31.953344,34.826913,מקלט 7,מורדי הגטאות 56 א' ראשון לציון,,Rishon LeZion,public shelter,,True,miklat_finder_d4g,
741,31.956273,34.820333,מקלט 8,הרקפת 45 א' ראשון לציון,,Rishon LeZion,public shelter,,True,miklat_finder_d4g,
742,31.958444,34.82093,מקלט 9,החבצלת 25 ראשון לציון,,Rishon LeZion,public shelter,,True,miklat_finder_d4g,
743,31.962884,34.823708,מקלט 10,מודיעין 10 א' ראשון לציון,,Rishon LeZion,public shelter,,True,miklat_finder_d4g,
744,31.967355,34.819123,מקלט 11,גוש עציון 30 ראשון לציון,,Rishon LeZion,public shelter,,True,miklat_finder_d4g,
745,31.95637,34.826952,מקלט 12,החצב 16 א' ראשון לציון,,Rishon LeZion,public shelter,,True,miklat_finder_d4g,
746,31.964621,34.81369,מקלט 13,אלקלעי 28 א' ראשון לציון,,Rishon LeZion,public shelter,,True,miklat_finder_d4g,
747,31.955338,34.805696,מקלט 14,סמילנסקי 34 ראשון לציון,,Rishon LeZion,public shelter,,True,miklat_finder_d4g,
748,31.979405,34.787634,מקלט 15,מלכי ישראל 6 א' ראשון לציון,,Rishon LeZion,public shelter,,True,miklat_finder_d4g,
749,31.980427,34.78736,מקלט 16,שלמה המלך 10 א' ראשון לציון,,Rishon LeZion,public shelter,,True,miklat_finder_d4g,
750,31.982994,34.788257,מקלט 17,שלום אש 8 ב' ראשון לציון,,Rishon LeZion,public shelter,,True,miklat_finder_d4g,
751,31.98272,34.787406,מקלט 19,נתן שלמה 15 ראשון לציון,,Rishon LeZion,public shelter,,True,miklat_finder_d4g,
752,31.986513,34.787353,מקלט 20,זלמן שניאור 18 א' ראשון לציון,,Rishon LeZion,public shelter,,True,miklat_finder_d4g,
753,31.987436,34.786011,מקלט 22,חיים אריאב 1 א' ראשון לציון,,Rishon LeZion,public shelter,,True,miklat_finder_d4g,
754,31.985612,34.78881,מקלט 23,הכנסת 1 א' ראשון לציון,,Rishon LeZion,public shelter,,True,miklat_finder_d4g,
755,31.984988,34.791171,מקלט 24,שי עגנון 1 א' ראשון לציון,,Rishon LeZion,public shelter,,True,miklat_finder_d4g,
756,31.985688,34.790488,מקלט 25,גולינקין 8 א' ראשון לציון,,Rishon LeZion,public shelter,,True,miklat_finder_d4g,
757,31.981485,34.787693,מקלט 27,יעקב כהן 28 ראשון לציון,,Rishon LeZion,public shelter,,True,miklat_finder_d4g,
758,31.984244,34.787741,מקלט 28,אבו חצירא 11 א' ראשון לציון,,Rishon LeZion,public shelter,,True,miklat_finder_d4g,
759,31.98344,34.788886,מקלט 29,ספינת השלושה 14 ראשון לציון,,Rishon LeZion,public shelter,,True,miklat_finder_d4g,
760,31.984226,34.789927,מקלט 30,אנילביץ 20 ראשון לציון,,Rishon LeZion,public shelter,,True,miklat_finder_d4g,
761,31.985374,34.805882,מקלט 32,האגס 2 ראשון לציון,,Rishon LeZion,public shelter,,True,miklat_finder_d4g,
762,31.987619,34.805389,מקלט 33,התמר 2 ראשון לציון,,Rishon LeZion,public shelter,,True,miklat_finder_d4g,
763,31.985381,34.807862,מקלט 34,אלי כהן 4 ראשון לציון,,Rishon LeZion,public shelter,,True,miklat_finder_d4g,
764,31.976789,34.804334,מקלט 35,הבנים 13 א' ראשון לציון,,Rishon LeZion,public shelter,,True,miklat_finder_d4g,
765,31.986914,34.807255,מקלט 37,השניים 17 ראשון לציון,,Rishon LeZion,public shelter,,True,miklat_finder_d4g,
766,32.184662,34.938329,3,"הנביאים, 10 כפר סבא",,Kfar Saba,public shelter,,True,miklat_finder_d4g,
767,32.185072,34.937628,6,"עמוס, 10 כפר סבא",,Kfar Saba,public shelter,,True,miklat_finder_d4g,
768,32.183171,34.942321,8,"שלמה המלך, 4 כפר סבא",,Kfar Saba,public shelter,,True,miklat_finder_d4g,
769,32.180777,34.939693,13,"התאנה, 2 כפר סבא",,Kfar Saba,public shelter,,True,miklat_finder_d4g,
770,32.180489,34.93888,17,"האילנות, 23 כפר סבא",,Kfar Saba,public shelter,,True,miklat_finder_d4g,
771,32.181063,34.902192,34,"ניצנים, 12 כפר סבא",,Kfar Saba,public shelter,,True,miklat_finder_d4g,
772,32.185427,34.904283,35,"י.כהן, 4 כפר סבא",,Kfar Saba,public shelter,,True,miklat_finder_d4g,
773,32.188038,34.907136,36,"פרישמן, 12 כפר סבא",,Kfar Saba,public shelter,,True,miklat_finder_d4g,
774,32.189226,34.905381,37,"שבזי, 32 כפר סבא",,Kfar Saba,public shelter,,True,miklat_finder_d4g,
775,32.189512,34.899104,42,"ויטקין, 13 כפר סבא",,Kfar Saba,public shelter,,True,miklat_finder_d4g,
776,32.191235,34.938423,1,"רות, 23 כפר סבא",,Kfar Saba,public shelter,,True,miklat_finder_d4g,
777,32.185613,34.940528,2,"השופטים, 6 כפר סבא",,Kfar Saba,public shelter,,True,miklat_finder_d4g,
778,32.185,34.936109,5,"דניאל, 5 כפר סבא",,Kfar Saba,public shelter,,True,miklat_finder_d4g,
779,32.182453,34.939562,7,"לוי אשכול, 8 כפר סבא",,Kfar Saba,public shelter,,True,miklat_finder_d4g,
780,32.183728,34.942061,9,"יהודה המכבי, 5 כפר סבא",,Kfar Saba,public shelter,,True,miklat_finder_d4g,
781,32.183801,34.941638,10,"יהודה המכבי, 2 כפר סבא",,Kfar Saba,public shelter,,True,miklat_finder_d4g,
782,32.184068,34.940435,11,"שאול המלך, 5 כפר סבא",,Kfar Saba,public shelter,,True,miklat_finder_d4g,
783,32.181082,34.938356,15,"החרוב, 17 כפר סבא",,Kfar Saba,public shelter,,True,miklat_finder_d4g,
784,32.181055,34.938931,16,"התמר, 15 כפר סבא",,Kfar Saba,public shelter,,True,miklat_finder_d4g,
785,32.18016,34.939447,20,"הזית, 6 כפר סבא",,Kfar Saba,public shelter,,True,miklat_finder_d4g,
786,32.167917,34.925832,21,"הל""ה, 25 כפר סבא",,Kfar Saba,public shelter,,True,miklat_finder_d4g,
787,32.17171,34.920254,23,"יציאת אירופה, 11 כפר סבא",,Kfar Saba,public shelter,,True,miklat_finder_d4g,
788,32.178471,34.919401,24,"גרץ, 10 כפר סבא",,Kfar Saba,public shelter,,True,miklat_finder_d4g,
789,32.181414,34.918583,25,"שמחה אסף, 13 כפר סבא",,Kfar Saba,public shelter,,True,miklat_finder_d4g,
790,32.182899,34.912061,26,"הרב קוק, 9 כפר סבא",,Kfar Saba,public shelter,,True,miklat_finder_d4g,
791,32.180916,34.914615,27,"יבנה, 3 כפר סבא",,Kfar Saba,public shelter,,True,miklat_finder_d4g,
792,32.180203,34.91437,28,"הרב גולד, 10 כפר סבא",,Kfar Saba,public shelter,,True,miklat_finder_d4g,
793,32.180446,34.901984,32,"חצרות הדר, 12 כפר סבא",,Kfar Saba,public shelter,,True,miklat_finder_d4g,
794,32.18162,34.899334,33,"מאפו, 1 כפר סבא",,Kfar Saba,public shelter,,True,miklat_finder_d4g,
795,32.191742,34.895652,41,"פרוג, 6 כפר סבא",,Kfar Saba,public shelter,,True,miklat_finder_d4g,
796,32.189687,34.901606,43,"לופבן, 3 כפר סבא",,Kfar Saba,public shelter,,True,miklat_finder_d4g,
797,32.188228,34.904118,44,"רמז, 17 כפר סבא",,Kfar Saba,public shelter,,True,miklat_finder_d4g,
798,32.184788,34.900313,45,"סירקין, 13 כפר סבא",,Kfar Saba,public shelter,,True,miklat_finder_d4g,
799,32.179139,34.896789,46,"חנה סנש, 3 כפר סבא",,Kfar Saba,public shelter,,True,miklat_finder_d4g,
800,32.172686,34.895248,51,"ההסתדרות, 8 כפר סבא",,Kfar Saba,public shelter,,True,miklat_finder_d4g,
801,32.175549,34.907151,55,"ויצמן, 94-92 כפר סבא",,Kfar Saba,public shelter,,True,miklat_finder_d4g,
802,32.175836,34.910593,62,"המייסדים, 31 כפר סבא",,Kfar Saba,public shelter,,True,miklat_finder_d4g,
803,32.174758,34.895522,50,"חבצלת השרון, 9 כפר סבא",,Kfar Saba,public shelter,,True,miklat_finder_d4g,
804,32.820521,35.076588,22,חומה ומגדל 18 א' חיפה,Haifa Bay,Haifa,public shelter,,True,"miklat_finder_d4g,haifa_pdf",
805,32.819515,35.072809,19,השיירה 34 חיפה,,Haifa,public shelter,,True,miklat_finder_d4g,
806,32.820066,35.074615,27,ברכה פולד 13 חיפה,,Haifa,public shelter,,True,miklat_finder_d4g,
807,32.572875,34.947923,16,השקד 2 חיפה,Haifa Bay,Haifa,public shelter,,True,"miklat_finder_d4g,haifa_pdf",
808,32.819458,35.078115,29,שבטי ישראל 66 חיפה,,Haifa,public shelter,,True,miklat_finder_d4g,
809,32.823013,35.075204,28,ציזלינג 26 חיפה,,Haifa,public shelter,,True,miklat_finder_d4g,
810,32.824749,35.074424,20,הקיבוצים 73 חיפה,Haifa Bay,Haifa,public shelter,,True,"miklat_finder_d4g,haifa_pdf",
811,32.826778,35.072123,18,הפלוגות 54 חיפה,,Haifa,public shelter,,True,miklat_finder_d4g,
812,32.829211,35.068115,26,אלכסנדר זייד 77 חיפה,,Haifa,public shelter,,True,miklat_finder_d4g,
813,32.826022,35.069585,30,שטרית 26 חיפה,,Haifa,public shelter,,True,miklat_finder_d4g,
814,32.823571,35.06994,17,הנוטר 53 חיפה,Haifa Bay,Haifa,public shelter,,True,"miklat_finder_d4g,haifa_pdf",
815,32.825547,35.067886,21,הראשונים 55 חיפה,,Haifa,public shelter,,True,miklat_finder_d4g,
816,32.821352,35.071278,24,יציב 46 חיפה,,Haifa,public shelter,,True,miklat_finder_d4g,
817,32.828798,35.064794,3,אנה פרנק 11 חיפה,Haifa Bay,Haifa,public shelter,,True,"miklat_finder_d4g,haifa_pdf",
818,32.834567,35.066162,14,נתיב התנאים 16 חיפה,Haifa Bay,Haifa,public shelter,,True,"miklat_finder_d4g,haifa_pdf",
819,32.838325,35.069451,15,בעל התניא 4 חיפה,,Haifa,public shelter,,True,miklat_finder_d4g,
820,32.833379,35.052291,10,דגניה 10 חיפה,,Haifa,public shelter,,True,miklat_finder_d4g,
821,32.828729,35.061754,1,אברבנאל 26 חיפה,Haifa Bay,Haifa,public shelter,,True,"miklat_finder_d4g,haifa_pdf",
822,32.577887,34.953941,5,ארזים 62 חיפה,,Haifa,public shelter,,True,miklat_finder_d4g,
823,32.834298,35.05758,9,בית אלפא 27 חיפה,Haifa Bay,Haifa,public shelter,,True,"miklat_finder_d4g,haifa_pdf",
824,32.834547,35.056786,23,הקונגרס 43 א' חיפה,,Haifa,public shelter,,True,miklat_finder_d4g,
825,32.834916,35.062353,6,משמר העמק 10 חיפה,,Haifa,public shelter,,True,miklat_finder_d4g,
826,32.827346,35.061761,12,דגניה 53 א' חיפה,,Haifa,public shelter,,True,miklat_finder_d4g,
827,32.829318,35.057448,11,דגניה 33 חיפה,,Haifa,public shelter,,True,miklat_finder_d4g,
828,32.807009,34.99776,60,יוסף 47 חיפה,Hadar and Downtown Lower City,Haifa,public shelter,,True,"miklat_finder_d4g,haifa_pdf",
829,32.806818,35.002168,53,הרצל 73 חיפה,Hadar and Downtown Lower City,Haifa,public shelter,,True,"miklat_finder_d4g,haifa_pdf",
830,32.811067,34.997959,54,הרצל 101 חיפה,,Haifa,public shelter,,True,miklat_finder_d4g,
831,32.803502,35.002373,50,בן בבא 4 חיפה,Hadar and Downtown Lower City,Haifa,public shelter,,True,"miklat_finder_d4g,haifa_pdf",
832,32.806044,35.005233,52,השומר 3 חיפה,Hadar and Downtown Lower City,Haifa,public shelter,,True,"miklat_finder_d4g,haifa_pdf",
833,32.561846,34.962719,66,קיבוץ גלויות 15 חיפה,Hadar and Downtown Lower City,Haifa,public shelter,,True,"miklat_finder_d4g,haifa_pdf",
834,32.815104,34.992697,69,שבתאי לוי 26 חיפה,Hadar and Downtown Lower City,Haifa,public shelter,,True,"miklat_finder_d4g,haifa_pdf",
835,32.805046,35.000755,46,ארלוזורוב 19 חיפה,Hadar and Downtown Lower City,Haifa,public shelter,,True,"miklat_finder_d4g,haifa_pdf",
836,32.8116,34.990575,58,טבריה 19 חיפה,Hadar and Downtown Lower City,Haifa,public shelter,,True,"miklat_finder_d4g,haifa_pdf",
837,32.810196,34.995126,67,קסל 18 חיפה,,Haifa,public shelter,,True,miklat_finder_d4g,
838,32.810385,34.99478,65,עמק הזיתים 9 חיפה,,Haifa,public shelter,,True,miklat_finder_d4g,
839,32.814711,34.994623,47,אשקלון 4 חיפה,Hadar and Downtown Lower City,Ashkelon,public shelter,,True,"miklat_finder_d4g,haifa_pdf",
840,32.811513,35.000573,64,מרכוס 11 חיפה,,Haifa,public shelter,,True,miklat_finder_d4g,
841,32.80806,35.002032,62,לונץ 4 חיפה,Hadar and Downtown Lower City,Haifa,public shelter,,True,"miklat_finder_d4g,haifa_pdf",
842,32.80788,35.004711,61,יודפת 11 חיפה,Hadar and Downtown Lower City,Haifa,public shelter,,True,"miklat_finder_d4g,haifa_pdf",
843,32.818629,34.99667,77,אלנבי 8 חיפה,,Haifa,public shelter,,True,miklat_finder_d4g,
844,32.820208,34.988574,81,גוטליב שומכר 2 א' חיפה,,Haifa,public shelter,,True,miklat_finder_d4g,
845,32.82025,34.989241,94,הגנים 33 חיפה,,Haifa,public shelter,,True,miklat_finder_d4g,
846,32.824026,34.984498,95,המגינים 119 חיפה,,Haifa,public shelter,,True,miklat_finder_d4g,
847,32.821355,34.986261,98,יצחק שדה 26 חיפה,Hadar and Downtown Lower City,Haifa,public shelter,,True,"miklat_finder_d4g,haifa_pdf",
848,32.819836,34.996396,103,שרה 10 חיפה,,Haifa,public shelter,,True,miklat_finder_d4g,
849,32.58498,34.951759,82,שד' בן גוריון 26 חיפה,Hadar and Downtown Lower City,Haifa,public shelter,,True,"miklat_finder_d4g,haifa_pdf",
850,32.518982,34.946715,83,"הגדנ""ע 5 חיפה",,Haifa,public shelter,,True,miklat_finder_d4g,
851,32.828264,34.979287,91,הזית 15 חיפה,Haifa West,Haifa,public shelter,,True,"miklat_finder_d4g,haifa_pdf",
852,32.827692,34.979217,92,הזית 22 א' חיפה,Haifa West,Haifa,public shelter,,True,"miklat_finder_d4g,haifa_pdf",
853,32.825465,34.978957,101,עמל 31 א' חיפה,Haifa West,Haifa,public shelter,,True,"miklat_finder_d4g,haifa_pdf",
854,32.829017,34.976504,99,יואב 13 חיפה,Haifa West,Haifa,public shelter,,True,"miklat_finder_d4g,haifa_pdf",
855,32.825074,34.986149,93,התקווה 23 חיפה,Haifa West,Haifa,public shelter,,True,"miklat_finder_d4g,haifa_pdf",
856,32.827446,34.976368,102,"צה""ל 51 חיפה",Haifa West,Haifa,public shelter,,True,"miklat_finder_d4g,haifa_pdf",
857,32.827558,34.988687,80,אל עתיקה 18 חיפה,,Haifa,public shelter,,True,miklat_finder_d4g,
858,32.518484,34.943703,87,העלייה 15 חיפה,,Haifa,public shelter,,True,miklat_finder_d4g,
859,32.831582,34.976031,90,הקלעים 10 חיפה,,Haifa,public shelter,,True,miklat_finder_d4g,
860,32.476243,35.002264,75,צפרירים 6 חיפה,Carmel,Haifa,public shelter,,True,"miklat_finder_d4g,haifa_pdf",
861,32.787936,34.995281,73,הצלפים 5 חיפה,,Haifa,public shelter,,True,miklat_finder_d4g,
862,32.780919,35.013488,43,קומוי 4 חיפה,,Haifa,public shelter,,True,miklat_finder_d4g,
863,32.779955,35.013139,44,קומוי 28 חיפה,Neve Sha'anan,Haifa,public shelter,,True,"miklat_finder_d4g,haifa_pdf,openstreetmap",
864,32.780854,35.01148,34,בורוכוב 25 חיפה,Neve Sha'anan,Haifa,public shelter,,True,"miklat_finder_d4g,haifa_pdf",
865,32.781575,35.009144,39,חביבה רייך 33 חיפה,,Haifa,public shelter,,True,miklat_finder_d4g,
866,32.789582,35.01855,36,הגליל 79 חיפה,,Haifa,public shelter,,True,miklat_finder_d4g,
867,32.78473,35.012219,32,ברל 3 חיפה,,Haifa,public shelter,,True,miklat_finder_d4g,
868,32.78286,35.012077,35,גורדון 34 חיפה,,Haifa,public shelter,,True,miklat_finder_d4g,
869,32.793523,35.018967,42,ערד 37 חיפה,,Haifa,public shelter,,True,miklat_finder_d4g,
870,32.799433,35.011049,45,רזיאל 44 חיפה,,Haifa,public shelter,,True,miklat_finder_d4g,
871,32.800586,35.011458,41,יד לבנים 4 חיפה,,Haifa,public shelter,,True,miklat_finder_d4g,
872,32.799705,35.014661,38,הגיבורים 43 חיפה,,Haifa,public shelter,,True,miklat_finder_d4g,
873,32.801151,35.011778,37,הגיבורים 17 /25 חיפה,,Haifa,public shelter,,True,miklat_finder_d4g,
874,32.800767,35.010146,55,הירדן 19 חיפה,Neve Sha'anan,Haifa,public shelter,,True,"miklat_finder_d4g,haifa_pdf",
875,32.795145,35.0193,40,חטיבת כרמלי 10 חיפה,Neve Sha'anan,Haifa,public shelter,,True,"miklat_finder_d4g,haifa_pdf",
876,32.817427,34.977976,97,טשרניחובסקי 34 חיפה,,Haifa,public shelter,,True,miklat_finder_d4g,
877,32.825646,34.96165,96,העוגן 39 חיפה,,Haifa,public shelter,,True,miklat_finder_d4g,
878,32.810645,34.958826,85,המלך דוד 7 חיפה,,Haifa,public shelter,,True,miklat_finder_d4g,
879,32.809124,34.962638,79,המלך אמציה 2 א' חיפה,,Haifa,public shelter,,True,miklat_finder_d4g,
880,32.810341,34.960937,104,שלמה המלך 11 א' חיפה,,Haifa,public shelter,,True,miklat_finder_d4g,
881,32.352377,34.865835,1,הרימון 20 עין התכלת נתניה,,Netanya,public shelter,,True,miklat_finder_d4g,
882,32.347464,34.861874,4,הגדוד העברי 21 עין התכלת נתניה,,Netanya,public shelter,,True,miklat_finder_d4g,
883,32.341364,34.862599,11,יצחק שדה 7 נתניה,,Netanya,public shelter,,True,miklat_finder_d4g,
884,32.340693,34.863723,12,טרומפלדור נתניה,,Netanya,public shelter,,True,miklat_finder_d4g,
885,32.336791,34.869693,17,יוחנן הסנדלר 12 נאות הרצל נתניה,,Netanya,public shelter,,True,miklat_finder_d4g,
886,32.336777,34.866544,18,דב הוז 6 נאות הרצל נתניה,,Netanya,public shelter,,True,miklat_finder_d4g,
887,32.341804,34.860946,26,סוקולוב 24 נתניה,,Netanya,public shelter,,True,miklat_finder_d4g,
888,32.314187,34.879422,58א',בוסל 31 נתניה,,Netanya,public shelter,,True,miklat_finder_d4g,
889,32.322134,34.865671,59,אנילביץ 15 רמת אפרים נתניה,,Netanya,public shelter,,True,miklat_finder_d4g,
890,32.302083,34.855987,80,"קדושי עיראק 20, רמת ידין נתניה",,Netanya,public shelter,,True,miklat_finder_d4g,
891,32.301236,34.856708,82,יחזקאל 28-30 רמת ידין נתניה,,Netanya,public shelter,,True,miklat_finder_d4g,
892,32.300489,34.855185,84,"נחום ,13-15 רמת ידין נתניה",,Netanya,public shelter,,True,miklat_finder_d4g,
893,32.282311,34.848586,93,קרן היסוד 2 ק. נורדאו נתניה,,Netanya,public shelter,,True,miklat_finder_d4g,
894,31.805721,34.641995,גלי ים,הדקל 17 אשדוד,,Ashdod,public shelter,,True,miklat_finder_d4g,
895,31.807434,34.643397,גן עמוס,הגפן 9 אשדוד,,Ashdod,public shelter,,True,miklat_finder_d4g,
896,31.807741,34.646492,המפרש,הראשונים 46 אשדוד,,Ashdod,public shelter,,True,miklat_finder_d4g,
897,31.811474,34.647451,הלוויתן,הראשונים 38 אשדוד,,Ashdod,public shelter,,True,miklat_finder_d4g,
898,31.804027,34.645835,החרטום,סיני 6 אשדוד,,Ashdod,public shelter,,True,miklat_finder_d4g,
899,31.809388,34.64883,הדקלים,ההסתדרות 19 אשדוד,,Ashdod,public shelter,,True,miklat_finder_d4g,
900,31.809639,34.650328,הטל,משמר הירדן 5 אשדוד,,Ashdod,public shelter,,True,miklat_finder_d4g,
901,31.809815,34.649697,הצדף,דוד רזיאל אשדוד,,Ashdod,public shelter,,True,miklat_finder_d4g,
902,31.805931,34.648338,הלכיש,אילת 12 אשדוד,,Ashdod,public shelter,,True,miklat_finder_d4g,
903,31.80461,34.647255,האומנים,קדש 8 אשדוד,,Ashdod,public shelter,,True,miklat_finder_d4g,
904,31.806988,34.650408,הרחפת,שבי ציון 31 אשדוד,,Ashdod,public shelter,,True,miklat_finder_d4g,
905,31.805925,34.650312,המנוף,המעפילים 26 אשדוד,,Ashdod,public shelter,,True,miklat_finder_d4g,
906,31.803265,34.650603,החולות,אגדיר 1 אשדוד,,Ashdod,public shelter,,True,miklat_finder_d4g,
907,31.801475,34.650734,המצפן,קיבוץ גלויות 7 אשדוד,,Ashdod,public shelter,,True,miklat_finder_d4g,
908,31.806736,34.655665,הגלים,אבן גבירול 4 אשדוד,,Ashdod,public shelter,,True,miklat_finder_d4g,
909,31.801973,34.651519,תוכי,בורוכוב 2 אשדוד,,Ashdod,public shelter,,True,miklat_finder_d4g,
910,31.806882,34.654865,נחליאלי,דוד ילין 2 אשדוד,,Ashdod,public shelter,,True,miklat_finder_d4g,
911,31.804175,34.65279,הגומה,הנרייטה סולד 7 אשדוד,,Ashdod,public shelter,,True,miklat_finder_d4g,
912,31.805364,34.654411,החוחית,יצחק שדה 5 אשדוד,,Ashdod,public shelter,,True,miklat_finder_d4g,
913,31.807015,34.654059,חטיבה צעירה,יוספטל 7 אשדוד,,Ashdod,public shelter,,True,miklat_finder_d4g,
914,31.801992,34.652882,הלגונה,הרב מימון 15 אשדוד,,Ashdod,public shelter,,True,miklat_finder_d4g,
915,31.804996,34.661568,ההרדוף,חטיבת כרמלי 5 אשדוד,,Ashdod,public shelter,,True,miklat_finder_d4g,
916,31.804384,34.662239,חבצלת החוף,חטיבת גולני 7 אשדוד,,Ashdod,public shelter,,True,miklat_finder_d4g,
917,31.804598,34.661558,שושנת הים,חטיבת כרמלי 4 אשדוד,,Ashdod,public shelter,,True,miklat_finder_d4g,
918,31.797031,34.654316,המפרשים,ציזלינג 7 אשדוד,,Ashdod,public shelter,,True,miklat_finder_d4g,
919,31.793601,34.653063,אצות ים,נתן אלבז אשדוד,,Ashdod,public shelter,,True,miklat_finder_d4g,
920,31.792109,34.653212,המשחתת,טרומפלדור 6 אשדוד,,Ashdod,public shelter,,True,miklat_finder_d4g,
921,32.044854,34.809488,"בי""ס גולומב ‎‎",Haim Barlev 186 Tel Aviv,,Tel Aviv,public shelter,,True,tlv_mymaps,"מקלט בי""ס גולומב ‎‎"
922,32.061825,34.799839,"בי""ס נתיב",Moshe Dayan 45 Tel Aviv,,Tel Aviv,public shelter,,True,tlv_mymaps,"מקלט בי""ס נתיב"
923,32.106865,34.836457,העוגן,Ha-barzel 6 Tel Aviv,,Tel Aviv,public shelter,,True,tlv_mymaps,
924,32.094196,34.837431,מרכז קהילתי דב הוז,Dov Hoz 16 Tel Aviv,,Tel Aviv,public shelter,,True,tlv_mymaps,
925,32.831799,35.060993,,HaArazim 62,Haifa Bay,Haifa,public shelter,,True,haifa_pdf,"At Tziri Park, accessible"
926,32.818313,35.071967,,Ha-Shayara 34,Haifa Bay,Haifa,public shelter,,True,haifa_pdf,In the building of the Yad Labanim house
927,32.821963,35.065358,,Ha-Rishonim 55,Haifa Bay,Haifa,public shelter,,True,haifa_pdf,
928,32.822328,35.064071,,Alexander Zaid 77,Haifa Bay,Haifa,public shelter,,True,haifa_pdf,
929,32.816747,35.075243,,Shivtei Israel 66,Haifa Bay,Haifa,public shelter,,True,haifa_pdf,
930,32.778148,35.010136,,International 20,Neve Sha'anan,Haifa,public shelter,,True,haifa_pdf,
931,32.44868,34.9052,,A.D. Gordon 34,Neve Sha'anan,Haifa,public shelter,,True,haifa_pdf,
932,32.786968,35.020858,,HaGalil 79,Neve Sha'anan,Haifa,public shelter,,True,haifa_pdf,Amot El Ma'ayan Synagogue
933,32.802525,35.009339,,HaGiborim 17,Neve Sha'anan,Haifa,public shelter,,True,haifa_pdf,Education
934,32.801941,35.009938,,HaGiborim 43,Neve Sha'anan,Haifa,public shelter,,True,haifa_pdf,Under the residential building
935,32.69749,35.039471,,Yad LaBanim Road 4,Neve Sha'anan,Haifa,public shelter,,True,haifa_pdf,Next to Kupat Holim
936,32.791651,35.02131,,Arad 37,Neve Sha'anan,Haifa,public shelter,,True,haifa_pdf,Under the Synagogue
937,32.812603,34.996214,,Herzl 101,Hadar and Downtown Lower City,Haifa,public shelter,,True,haifa_pdf,The courtyard of the school
938,32.820434,34.976772,,David Marcus 11,Hadar and Downtown Lower City,Haifa,public shelter,,True,haifa_pdf,
939,32.805571,34.971445,,Al-Muhdi 12,Carmel,Haifa,public shelter,,True,haifa_pdf,Kababir
940,32.825447,34.979534,,Gadna 5,Hadar and Downtown Lower City,Haifa,public shelter,,True,haifa_pdf,"Kiryat Eliezer, accessible"
941,32.809354,34.958501,,HaMelech David 7,Haifa West,Haifa,public shelter,,True,haifa_pdf,
942,32.831681,34.973736,,HaAliya HaShniya 20,Haifa West,Haifa,public shelter,,True,haifa_pdf,At the entrance to Bat Galim train station
943,32.822927,34.990812,,HaGanim 33,Hadar and Downtown Lower City,Haifa,public shelter,,True,haifa_pdf,"Behind the building, in the parking lot"
944,32.81778,34.999067,,Sderot HaMeginim 119,Hadar and Downtown Lower City,Haifa,public shelter,,True,haifa_pdf,Behind the building
945,32.825823,34.962487,,HaOgen 39,Haifa West,Haifa,public shelter,,True,haifa_pdf,Behind the kindergarten
946,32.567682,34.957541,,Sara 10,Hadar and Downtown Lower City,Haifa,public shelter,,True,haifa_pdf,At the Bank's corner
947,32.795972,35.020092,,HaHashmal 8,Neve Sha'anan,Haifa,public shelter,,True,haifa_pdf,
948,32.796615,35.016833,,Ze'ev Banin 12,Neve Sha'anan,Haifa,public shelter,,True,haifa_pdf,
949,32.053188,34.821388,4,בני הנביאים 16 ראמת גן,,,public shelter,,True,miklat_finder_d4g,
950,32.047654,34.814836,5,אחד העם 56 ראמת גן,,,public shelter,,True,miklat_finder_d4g,
951,32.049432,34.819663,6,יהושפט 11 ראמת גן,,,public shelter,,True,miklat_finder_d4g,
952,32.075468,34.819609,12,עידו 11 ראמת גן,,,public shelter,,True,miklat_finder_d4g,
953,32.079187,34.821843,14,חיבת ציון 18 ראמת גן,,,public shelter,,True,miklat_finder_d4g,
954,32.054114,34.813911,17,אלוף דוד 55 ראמת גן,,,public shelter,,True,miklat_finder_d4g,
955,32.086959,34.8188,23,שרת משה 47 ראמת גן,,,public shelter,,True,miklat_finder_d4g,
956,32.068752,34.819933,24,קפלן 6 א' ראמת גן,,,public shelter,,True,miklat_finder_d4g,
957,32.091358,34.821224,31,סביון 12 ראמת גן,,,public shelter,,True,miklat_finder_d4g,
958,32.09116,34.818302,32,"רש""י 13 ראמת גן",,,public shelter,,True,miklat_finder_d4g,
959,32.085125,34.815489,35,הרצל 60 ראמת גן,,,public shelter,,True,miklat_finder_d4g,
960,32.081982,34.816659,39,הרצל 24 ראמת גן,,,public shelter,,True,miklat_finder_d4g,
961,32.080226,34.808396,40,בועז 10 ראמת גן,,,public shelter,,True,miklat_finder_d4g,
962,32.088467,34.819812,42,יוסף הגלילי 16 ראמת גן,,,public shelter,,True,miklat_finder_d4g,
963,32.066757,34.824381,45,השר משה 3 ראמת גן,,,public shelter,,True,miklat_finder_d4g,
964,32.048671,34.819296,46,אחד העם 46 ראמת גן,,,public shelter,,True,miklat_finder_d4g,
965,32.070336,34.828446,47,נגבה 55 ראמת גן,,,public shelter,,True,miklat_finder_d4g,
966,32.062638,34.823044,48,הרא''ה 239 ראמת גן,,,public shelter,,True,miklat_finder_d4g,
967,32.058695,34.827966,53,הירדן 83 ראמת גן,,,public shelter,,True,miklat_finder_d4g,
968,32.067455,34.835758,56,המחתרת 9 א' ראמת גן,,,public shelter,,True,miklat_finder_d4g,
969,32.069327,34.834799,57,ההגנה 41 ראמת גן,,,public shelter,,True,miklat_finder_d4g,
970,32.0631,34.826211,58,איינשטיין 16 ראמת גן,,,public shelter,,True,miklat_finder_d4g,
971,32.051929,34.814324,59,שלם 30 ראמת גן,,,public shelter,,True,miklat_finder_d4g,
972,32.095979,34.818551,60,רוקח 143 ראמת גן,,,public shelter,,True,miklat_finder_d4g,
973,32.069333,34.819393,67,רמז 5 ראמת גן,,,bomb_shelter,,True,"miklat_finder_d4g,openstreetmap",
974,32.058254,34.827787,71,ברנשטיין פרץ 7 ראמת גן,,,public shelter,,True,miklat_finder_d4g,
975,32.059116,34.842811,72,ההגנה 17 ראמת גן,,,public shelter,,True,miklat_finder_d4g,
976,32.05439,34.832321,77,נשיאי ישראל 5 ראמת גן,,,public shelter,,True,miklat_finder_d4g,
977,32.05205,34.818341,88,שלום עליכם 18 ראמת גן,,,public shelter,,True,miklat_finder_d4g,
978,32.067127,34.824113,90,"הרא""ה 212 ראמת גן",,,public shelter,,True,miklat_finder_d4g,
979,32.081185,34.823154,91,השורה 11 ראמת גן,,,public shelter,,True,miklat_finder_d4g,
980,32.063838,34.825057,126,פנחס רוטנברג 84 ראמת גן,,,public shelter,,True,miklat_finder_d4g,
981,32.054557,34.842465,131,"תל חי 6- כפר אז""ר ראמת גן",,,public shelter,,True,miklat_finder_d4g,
982,32.081733,34.812989,136,המעגל 24 ראמת גן,,,public shelter,,True,miklat_finder_d4g,
983,32.428143,34.94687,1,העצמאות 25 חדרה,,,public shelter,,True,miklat_finder_d4g,
984,32.429545,34.943025,2,ההגנה 4 חדרה,,,public shelter,,True,miklat_finder_d4g,
985,32.420812,34.952167,3,השושנים 4 חדרה,,,public shelter,,True,miklat_finder_d4g,
986,32.41961,34.950863,4,התאנים 15 חדרה,,,public shelter,,True,miklat_finder_d4g,
987,32.434828,34.928519,11,הנרייטה סולד 6 חדרה,,,public shelter,,True,miklat_finder_d4g,
988,32.437995,34.930998,12,כצנלסון 12 חדרה,,,public shelter,,True,miklat_finder_d4g,
989,32.438925,34.931721,13,האקליפטוס 15 חדרה,,,public shelter,,True,miklat_finder_d4g,
990,32.439714,34.928342,14,בורוכוב 7 חדרה,,,public shelter,,True,miklat_finder_d4g,
991,32.577006,34.950404,15,"תרע""ב 10 חדרה",,,public shelter,,True,miklat_finder_d4g,
992,32.571362,34.943938,16,"אצ""ל 13 חדרה",,,public shelter,,True,miklat_finder_d4g,
993,32.439736,34.926366,19,"תרנ""א 89 חדרה",,,public shelter,,True,miklat_finder_d4g,
994,32.432561,34.924063,20,"תרנ""א 48-50 חדרה",,,public shelter,,True,miklat_finder_d4g,
995,32.437196,34.924535,21,לבוצקין חדרה,,,public shelter,,True,miklat_finder_d4g,
996,32.438439,34.92042,22,הבנים 11 חדרה,,,public shelter,,True,miklat_finder_d4g,
997,32.573579,34.955519,23,ז'בוטינסקי 40 חדרה,,,public shelter,,True,miklat_finder_d4g,
998,32.417668,34.913831,24,בן צבי 2 חדרה,,,public shelter,,True,miklat_finder_d4g,
999,32.419367,34.91886,25,ההדס 5 חדרה,,,public shelter,,True,miklat_finder_d4g,
1000,32.423148,34.922981,26,ההדר 3 חדרה,,,public shelter,,True,miklat_finder_d4g,
1001,32.430854,34.910347,27,הדרור 20 חדרה,,,public shelter,,True,miklat_finder_d4g,
1002,32.432069,34.912875,28,האירוס 6 חדרה,,,public shelter,,True,miklat_finder_d4g,
1003,32.440115,34.912807,29,לבזובסקי חדרה,,,public shelter,,True,miklat_finder_d4g,
1004,32.443446,34.917554,30,טיומקין 2 חדרה,,,public shelter,,True,miklat_finder_d4g,
1005,32.440177,34.907152,31,צפרה 3 חדרה,,,public shelter,,True,miklat_finder_d4g,
1006,32.436926,34.90631,32,פרנק 14 חדרה,,,public shelter,,True,miklat_finder_d4g,
1007,32.440659,34.913814,33,"רמב""ן 10 חדרה",,,public shelter,,True,miklat_finder_d4g,
1008,32.448509,34.907658,34,אהרונוביץ' 7 חדרה,,,public shelter,,True,miklat_finder_d4g,
1009,32.459106,34.898909,36,מבצע חורב חדרה,,,public shelter,,True,miklat_finder_d4g,
1010,32.440855,34.884267,38,הקונגרס 12 חדרה,,,public shelter,,True,miklat_finder_d4g,
1011,32.441255,34.885396,40,השרון 12 חדרה,,,public shelter,,True,miklat_finder_d4g,
1012,32.438044,34.882247,41,שיבת ציון 7 חדרה,,,public shelter,,True,miklat_finder_d4g,
1013,32.433126,34.883015,42,מבצע עזרא 39 חדרה,,,public shelter,,True,miklat_finder_d4g,
1014,32.437265,34.882513,44,המעפילים 41 חדרה,,,public shelter,,True,miklat_finder_d4g,
1015,32.435966,34.884181,49,אלי כהן 19 חדרה,,,public shelter,,True,miklat_finder_d4g,
1016,32.432877,34.88571,50,שבטי ישראל 26 חדרה,,,public shelter,,True,miklat_finder_d4g,
1017,32.436312,34.886843,53,התנאים 8 חדרה,,,public shelter,,True,miklat_finder_d4g,
1018,32.558176,34.96344,54,מלכי ישראל 12 חדרה,,,public shelter,,True,miklat_finder_d4g,
1019,32.437561,34.886481,56,חי טייב 9 חדרה,,,public shelter,,True,miklat_finder_d4g,
1020,32.576511,34.950693,57,הגדוד העברי 7 חדרה,,,public shelter,,True,miklat_finder_d4g,
1021,32.57656,34.951586,58,הגדוד העברי 13 חדרה,,,public shelter,,True,miklat_finder_d4g,
1022,32.442134,34.888668,59,הבריגדה היהודית 15 חדרה,,,public shelter,,True,miklat_finder_d4g,
1023,32.436823,34.920916,60,רוטשילד חדרה,,,public shelter,,True,miklat_finder_d4g,
1024,32.421761,34.945,62,שפק 1 חדרה,,,public shelter,,True,miklat_finder_d4g,
1025,32.417998,34.957057,64,השקמה 29 חדרה,,,public shelter,,True,miklat_finder_d4g,
1026,32.062971,34.770937,,Meir Dizengoff 255 Tel Aviv,,Tel Aviv,underground parking,,True,tlv_mymaps,"1990 חניון בבית משותף,חדש"
1027,32.079792,34.767546,,Samuel 100 Tel Aviv,,Tel Aviv,underground parking,,True,tlv_mymaps,2003 חניון גן לונדון שנת
1028,31.811736,35.22046,,6 Mordechai HaYehudi St.,,Jerusalem,public shelter,,True,jerusalem_github_2024,
1029,31.760705,35.220022,,13 Shimshon St.,,Jerusalem,public shelter,,True,jerusalem_github_2024,
1030,31.755074,35.220905,,22 ​Rivka St.,,Jerusalem,public shelter,,True,jerusalem_github_2024,
1031,31.755663,35.219253,,5 Kibbutz Galuyot St.,,Jerusalem,public shelter,,True,jerusalem_github_2024,
1032,31.790837,35.224112,,4 Yosef Karo St.,,Jerusalem,public shelter,,True,jerusalem_github_2024,
1033,31.789275,35.223714,,22 Baruch Rapaport St.,,Jerusalem,public shelter,,True,jerusalem_github_2024,
1034,31.78646,35.215291,,2 Michel Pines St.,,Jerusalem,public shelter,,True,jerusalem_github_2024,
1035,31.787357,35.196903,,5 HaRav Aviyada St.,,Jerusalem,public shelter,,True,jerusalem_github_2024,
1036,31.768319,35.21371,,82 Homat HaTzalafim St.,,Jerusalem,public shelter,,True,jerusalem_github_2024,
1037,31.763462,35.218582,,3 Malal St.,,Jerusalem,public shelter,,True,jerusalem_github_2024,
1038,31.782932,35.20998,,7 Bachar St.,,Jerusalem,public shelter,,True,jerusalem_github_2024,
1039,31.784679,35.218503,,14 Zechariah HaRofeh St.,,Jerusalem,public shelter,,True,jerusalem_github_2024,
1040,31.796122,35.225249,,27 Yisrael Najara St.,,Jerusalem,public shelter,,True,jerusalem_github_2024,
1041,31.757007,35.170816,,1 HaNerd St.,,Jerusalem,public shelter,,True,jerusalem_github_2024,
1042,31.759067,35.209515,,70 Yohanan ben Zakai St.,,Jerusalem,public shelter,,True,jerusalem_github_2024,
1043,31.75418,35.19506,,1 San Martin St.,,Jerusalem,public shelter,,True,jerusalem_github_2024,
1044,31.757765,35.209426,,7 Antignos St.,,Jerusalem,public shelter,,True,jerusalem_github_2024,
1045,31.757826,35.176567,,27 Avraham Elmaliach St.,,Jerusalem,public shelter,,True,jerusalem_github_2024,
1046,31.789176,35.221599,624.0,17 Lapidot St.,,Jerusalem,public shelter,,True,"jerusalem_github_2024,jerusalem_datacity_2025",
1047,31.792328,35.210612,,12 Gesher HaHaim St.,,Jerusalem,public shelter,,True,jerusalem_github_2024,
1048,31.753803,35.210881,,42 Mekor Haim St.,,Jerusalem,public shelter,,True,"jerusalem_github_2024,openstreetmap",
1049,31.761474,35.209661,,38 Hizkiyahu HaMelech St.,,Jerusalem,public shelter,,True,jerusalem_github_2024,
1050,31.758381,35.220528,,8 Shimon Hacham St.,,Jerusalem,public shelter,,True,jerusalem_github_2024,
1051,31.839027,35.225668,,Shikunei Nuseiba,,Jerusalem,public shelter,,True,jerusalem_github_2024,
1052,31.769959,35.218032,664.0,7 Benjamin Disraeli St.,,Jerusalem,public shelter,,True,"jerusalem_github_2024,jerusalem_datacity_2025",
1053,31.797088,35.218088,602.0,,,Jerusalem,public shelter,,True,jerusalem_datacity_2025,
1054,31.791847,35.217089,609.0,,,Jerusalem,public shelter,,True,jerusalem_datacity_2025,
1055,31.790026,35.210567,643.0,,,Jerusalem,public shelter,,True,jerusalem_datacity_2025,
1056,31.782822,35.208722,648.0,,,Jerusalem,public shelter,,True,jerusalem_datacity_2025,
1057,31.783399,35.210897,649.0,,,Jerusalem,public shelter,,True,jerusalem_datacity_2025,
1058,31.781781,35.225929,653.0,,,Jerusalem,public shelter,,True,jerusalem_datacity_2025,
1059,31.773488,35.218717,656.0,,,Jerusalem,public shelter,,True,jerusalem_datacity_2025,
1060,31.779165,35.210417,657.0,,,Jerusalem,public shelter,,True,jerusalem_datacity_2025,
1061,31.774715,35.214567,659.0,,,Jerusalem,public shelter,,True,jerusalem_datacity_2025,
1062,31.764905,35.212229,670.0,,,Jerusalem,public shelter,,True,jerusalem_datacity_2025,
1063,31.763556,35.220512,676.0,,,Jerusalem,public shelter,,True,jerusalem_datacity_2025,
1064,31.763049,35.224809,679.0,,,Jerusalem,public shelter,,True,jerusalem_datacity_2025,
1065,31.75908,35.21839,681.0,,,Jerusalem,public shelter,,True,jerusalem_datacity_2025,
1066,31.759434,35.222785,683.0,,,Jerusalem,public shelter,,True,jerusalem_datacity_2025,
1067,31.752313,35.220972,688.0,,,Jerusalem,public shelter,,True,jerusalem_datacity_2025,
1068,31.761052,35.215916,692.0,,,Jerusalem,public shelter,,True,jerusalem_datacity_2025,
1069,31.762146,35.213572,693.0,,,Jerusalem,public shelter,,True,jerusalem_datacity_2025,
1070,31.761375,35.214486,694.0,,,Jerusalem,public shelter,,True,jerusalem_datacity_2025,
1071,31.760217,35.2146,697.0,,,Jerusalem,public shelter,,True,jerusalem_datacity_2025,
1072,31.757954,35.211606,705.0,,,Jerusalem,public shelter,,True,jerusalem_datacity_2025,
1073,31.753276,35.21026,706.0,,,Jerusalem,public shelter,,True,jerusalem_datacity_2025,
1074,31.754502,35.177733,720.0,,,Jerusalem,public shelter,,True,jerusalem_datacity_2025,
1075,31.755306,35.176924,721.0,,,Jerusalem,public shelter,,True,jerusalem_datacity_2025,
1076,31.758705,35.164388,731.0,,,Jerusalem,public shelter,,True,jerusalem_datacity_2025,
1077,31.759138,35.164551,734.0,,,Jerusalem,public shelter,,True,jerusalem_datacity_2025,
1078,31.765495,35.182351,742.0,,,Jerusalem,public shelter,,True,jerusalem_datacity_2025,
1079,31.754588,35.196925,757.0,,,Jerusalem,public shelter,,True,jerusalem_datacity_2025,
1080,31.746399,35.215728,760.0,,,Jerusalem,public shelter,,True,jerusalem_datacity_2025,
1081,31.764335,35.218903,804.0,,,Jerusalem,public shelter,,True,jerusalem_datacity_2025,
1082,31.788788,35.207618,806.0,,,Jerusalem,public shelter,,True,jerusalem_datacity_2025,
1083,31.772689,35.215992,810.0,,,Jerusalem,public shelter,,True,jerusalem_datacity_2025,
1084,31.76033,35.219373,823.0,,,Jerusalem,public shelter,,True,jerusalem_datacity_2025,
1085,31.752542,35.166196,840.0,,,Jerusalem,public shelter,,True,jerusalem_datacity_2025,
1086,31.797837,35.218141,601.0,,,Jerusalem,public shelter,,True,jerusalem_datacity_2025,
1087,31.797033,35.219825,603.0,,,Jerusalem,public shelter,,True,jerusalem_datacity_2025,
1088,31.785249,35.174356,604.0,,,Jerusalem,public shelter,,True,jerusalem_datacity_2025,
1089,31.795142,35.213707,606.0,,,Jerusalem,public shelter,,True,jerusalem_datacity_2025,
1090,31.793538,35.21433,607.0,,,Jerusalem,public shelter,,True,jerusalem_datacity_2025,
1091,31.793228,35.216846,608.0,,,Jerusalem,public shelter,,True,jerusalem_datacity_2025,
1092,31.792065,35.218244,610.0,,,Jerusalem,public shelter,,True,jerusalem_datacity_2025,
1093,31.792722,35.220233,611.0,,,Jerusalem,public shelter,,True,jerusalem_datacity_2025,
1094,31.789497,35.22028,612.0,,,Jerusalem,public shelter,,True,jerusalem_datacity_2025,
1095,31.791867,35.221621,613.0,,,Jerusalem,public shelter,,True,jerusalem_datacity_2025,
1096,31.791801,35.221063,614.0,,,Jerusalem,public shelter,,True,jerusalem_datacity_2025,
1097,31.791728,35.222835,615.0,,,Jerusalem,public shelter,,True,jerusalem_datacity_2025,
1098,31.790272,35.223232,619.0,,,Jerusalem,public shelter,,True,jerusalem_datacity_2025,
1099,31.790823,35.219049,620.0,,,Jerusalem,public shelter,,True,jerusalem_datacity_2025,
1100,31.789029,35.218838,621.0,,,Jerusalem,public shelter,,True,jerusalem_datacity_2025,
1101,31.787571,35.220635,623.0,,,Jerusalem,public shelter,,True,jerusalem_datacity_2025,
1102,31.78875,35.223126,625.0,,,Jerusalem,public shelter,,True,jerusalem_datacity_2025,
1103,31.787387,35.223261,628.0,,,Jerusalem,public shelter,,True,jerusalem_datacity_2025,
1104,31.786778,35.225656,630.0,,,Jerusalem,public shelter,,True,jerusalem_datacity_2025,
1105,31.785826,35.218761,634.0,,,Jerusalem,public shelter,,True,jerusalem_datacity_2025,
1106,31.78719,35.22011,635.0,,,Jerusalem,public shelter,,True,jerusalem_datacity_2025,
1107,31.787059,35.21896,637.0,,,Jerusalem,public shelter,,True,jerusalem_datacity_2025,
1108,31.784998,35.214906,639.0,,,Jerusalem,public shelter,,True,jerusalem_datacity_2025,
1109,31.788772,35.21294,641.0,,,Jerusalem,public shelter,,True,jerusalem_datacity_2025,
1110,31.785426,35.209553,646.0,,,Jerusalem,public shelter,,True,jerusalem_datacity_2025,
1111,31.780924,35.218184,651.0,,,Jerusalem,public shelter,,True,jerusalem_datacity_2025,
1112,31.783599,35.225161,652.0,,,Jerusalem,public shelter,,True,jerusalem_datacity_2025,
1113,31.78256,35.225359,654.0,,,Jerusalem,public shelter,,True,jerusalem_datacity_2025,
1114,31.775132,35.213261,658.0,,,Jerusalem,public shelter,,True,jerusalem_datacity_2025,
1115,31.756666,35.209324,663.0,,,Jerusalem,public shelter,,True,jerusalem_datacity_2025,
1116,31.767089,35.210358,667.0,,,Jerusalem,public shelter,,True,jerusalem_datacity_2025,
1117,31.767622,35.209814,668.0,,,Jerusalem,public shelter,,True,jerusalem_datacity_2025,
1118,31.76621,35.208346,669.0,,,Jerusalem,public shelter,,True,jerusalem_datacity_2025,
1119,31.764488,35.21661,672.0,,,Jerusalem,public shelter,,True,jerusalem_datacity_2025,
1120,31.763334,35.218087,673.0,,,Jerusalem,public shelter,,True,jerusalem_datacity_2025,
1121,31.765635,35.21767,674.0,,,Jerusalem,public shelter,,True,jerusalem_datacity_2025,
1122,31.763779,35.220692,677.0,,,Jerusalem,public shelter,,True,jerusalem_datacity_2025,
1123,31.764784,35.225602,678.0,,,Jerusalem,public shelter,,True,jerusalem_datacity_2025,
1124,31.758259,35.222094,684.0,,,Jerusalem,public shelter,,True,jerusalem_datacity_2025,
1125,31.756582,35.221222,685.0,,,Jerusalem,public shelter,,True,jerusalem_datacity_2025,
1126,31.75012,35.220131,689.0,,,Jerusalem,public shelter,,True,jerusalem_datacity_2025,
1127,31.748611,35.222949,690.0,,,Jerusalem,public shelter,,True,jerusalem_datacity_2025,
1128,31.751505,35.218399,691.0,,,Jerusalem,public shelter,,True,jerusalem_datacity_2025,
1129,31.761871,35.214676,695.0,,,Jerusalem,public shelter,,True,jerusalem_datacity_2025,
1130,31.764715,35.204285,700.0,,,Jerusalem,public shelter,,True,jerusalem_datacity_2025,
1131,31.759423,35.206901,702.0,,,Jerusalem,public shelter,,True,jerusalem_datacity_2025,
1132,31.755552,35.204444,703.0,,,Jerusalem,public shelter,,True,jerusalem_datacity_2025,
1133,31.755911,35.208755,707.0,,,Jerusalem,public shelter,,True,jerusalem_datacity_2025,
1134,31.757361,35.204212,709.0,,,Jerusalem,public shelter,,True,jerusalem_datacity_2025,
1135,31.755836,35.20377,710.0,,,Jerusalem,public shelter,,True,jerusalem_datacity_2025,
1136,31.75388,35.205497,712.0,,,Jerusalem,public shelter,,True,jerusalem_datacity_2025,
1137,31.755143,35.199427,714.0,,,Jerusalem,public shelter,,True,jerusalem_datacity_2025,
1138,31.760912,35.200532,715.0,,,Jerusalem,public shelter,,True,jerusalem_datacity_2025,
1139,31.753742,35.193159,718.0,,,Jerusalem,public shelter,,True,jerusalem_datacity_2025,
1140,31.752282,35.169878,726.0,,,Jerusalem,public shelter,,True,jerusalem_datacity_2025,
1141,31.754317,35.169736,727.0,,,Jerusalem,public shelter,,True,jerusalem_datacity_2025,
1142,31.75411,35.170179,728.0,,,Jerusalem,public shelter,,True,jerusalem_datacity_2025,
1143,31.755434,35.164962,729.0,,,Jerusalem,public shelter,,True,jerusalem_datacity_2025,
1144,31.756485,35.166242,730.0,,,Jerusalem,public shelter,,True,jerusalem_datacity_2025,
1145,31.760242,35.169919,736.0,,,Jerusalem,public shelter,,True,jerusalem_datacity_2025,
1146,31.759582,35.17139,737.0,,,Jerusalem,public shelter,,True,jerusalem_datacity_2025,
1147,31.76157,35.172552,738.0,,,Jerusalem,public shelter,,True,jerusalem_datacity_2025,
1148,31.766527,35.178165,740.0,,,Jerusalem,public shelter,,True,jerusalem_datacity_2025,
1149,31.766819,35.178115,741.0,,,Jerusalem,public shelter,,True,jerusalem_datacity_2025,
1150,31.768801,35.183917,743.0,,,Jerusalem,public shelter,,True,jerusalem_datacity_2025,
1151,31.774698,35.189672,744.0,,,Jerusalem,public shelter,,True,jerusalem_datacity_2025,
1152,31.777082,35.191496,745.0,,,Jerusalem,public shelter,,True,jerusalem_datacity_2025,
1153,31.778687,35.190364,746.0,,,Jerusalem,public shelter,,True,jerusalem_datacity_2025,
1154,31.785362,35.19674,747.0,,,Jerusalem,public shelter,,True,jerusalem_datacity_2025,
1155,31.787479,35.194756,748.0,,,Jerusalem,public shelter,,True,jerusalem_datacity_2025,
1156,31.79547,35.200089,750.0,,,Jerusalem,public shelter,,True,jerusalem_datacity_2025,
1157,31.785657,35.226076,753.0,,,Jerusalem,public shelter,,True,jerusalem_datacity_2025,
1158,31.755651,35.195347,755.0,,,Jerusalem,public shelter,,True,jerusalem_datacity_2025,
1159,31.755895,35.193983,756.0,,,Jerusalem,public shelter,,True,jerusalem_datacity_2025,
1160,31.775387,35.216274,758.0,,,Jerusalem,public shelter,,True,jerusalem_datacity_2025,
1161,31.759216,35.166166,803.0,,,Jerusalem,public shelter,,True,jerusalem_datacity_2025,
1162,31.769586,35.217368,807.0,,,Jerusalem,public shelter,,True,jerusalem_datacity_2025,
1163,31.790325,35.191022,808.0,,,Jerusalem,public shelter,,True,jerusalem_datacity_2025,
1164,31.759158,35.176415,814.0,,,Jerusalem,public shelter,,True,jerusalem_datacity_2025,
1165,31.762066,35.173923,815.0,,,Jerusalem,public shelter,,True,jerusalem_datacity_2025,
1166,31.771079,35.211834,816.0,,,Jerusalem,public shelter,,True,jerusalem_datacity_2025,
1167,31.760168,35.210653,817.0,,,Jerusalem,public shelter,,True,jerusalem_datacity_2025,
1168,31.782358,35.212956,821.0,,,Jerusalem,public shelter,,True,jerusalem_datacity_2025,
1169,31.780282,35.188505,822.0,,,Jerusalem,public shelter,,True,jerusalem_datacity_2025,
1170,31.755191,35.207635,824.0,,,Jerusalem,public shelter,,True,jerusalem_datacity_2025,
1171,31.753414,35.200702,825.0,,,Jerusalem,public shelter,,True,jerusalem_datacity_2025,
1172,31.758333,35.167976,827.0,,,Jerusalem,public shelter,,True,jerusalem_datacity_2025,
1173,31.759238,35.212804,828.0,,,Jerusalem,public shelter,,True,jerusalem_datacity_2025,
1174,31.753266,35.165689,829.0,,,Jerusalem,public shelter,,True,jerusalem_datacity_2025,
1175,31.790875,35.216678,830.0,,,Jerusalem,public shelter,,True,jerusalem_datacity_2025,
1176,31.755462,35.194339,831.0,,,Jerusalem,public shelter,,True,jerusalem_datacity_2025,
1177,31.771845,35.21531,835.0,,,Jerusalem,public shelter,,True,jerusalem_datacity_2025,
1178,31.793621,35.220333,837.0,,,Jerusalem,public shelter,,True,jerusalem_datacity_2025,
1179,31.787133,35.208473,839.0,,,Jerusalem,public shelter,,True,jerusalem_datacity_2025,
1180,31.790642,35.220797,841.0,,,Jerusalem,public shelter,,True,jerusalem_datacity_2025,
1181,31.752695,35.195496,842.0,,,Jerusalem,public shelter,,True,jerusalem_datacity_2025,
1182,31.757571,35.167725,901.0,,,Jerusalem,public shelter,,True,jerusalem_datacity_2025,
1183,31.754209,35.168807,902.0,,,Jerusalem,public shelter,,True,jerusalem_datacity_2025,
1184,31.768088,35.162059,903.0,,,Jerusalem,public shelter,,True,jerusalem_datacity_2025,
1185,31.789595,35.21048,904.0,,,Jerusalem,public shelter,,True,jerusalem_datacity_2025,
1186,31.75634,35.170271,905.0,,,Jerusalem,public shelter,,True,jerusalem_datacity_2025,
1187,31.753149,35.196349,906.0,,,Jerusalem,public shelter,,True,jerusalem_datacity_2025,
1188,31.789178,35.225021,907.0,,,Jerusalem,public shelter,,True,jerusalem_datacity_2025,
1189,31.791572,35.222308,908.0,,,Jerusalem,public shelter,,True,jerusalem_datacity_2025,
1190,31.788818,35.208656,909.0,,,Jerusalem,public shelter,,True,jerusalem_datacity_2025,
1191,31.790685,35.214584,910.0,,,Jerusalem,public shelter,,True,jerusalem_datacity_2025,
1192,31.760862,35.213257,923.0,,,Jerusalem,public shelter,,True,jerusalem_datacity_2025,
1193,31.786893,35.216797,928.0,,,Jerusalem,public shelter,,True,jerusalem_datacity_2025,
1194,31.782612,35.212305,932.0,,,Jerusalem,public shelter,,True,jerusalem_datacity_2025,
1195,31.795618,35.198698,933.0,,,Jerusalem,public shelter,,True,jerusalem_datacity_2025,
1196,31.782191,35.209959,935.0,,,Jerusalem,public shelter,,True,jerusalem_datacity_2025,
1197,31.761245,35.209208,937.0,,,Jerusalem,public shelter,,True,jerusalem_datacity_2025,
1198,31.771665,35.200352,939.0,,,Jerusalem,public shelter,,True,jerusalem_datacity_2025,
1199,31.750475,35.219592,940.0,,,Jerusalem,public shelter,,True,jerusalem_datacity_2025,
1200,31.760521,35.174018,947.0,,,Jerusalem,public shelter,,True,jerusalem_datacity_2025,
1201,31.765069,35.206675,949.0,,,Jerusalem,public shelter,,True,jerusalem_datacity_2025,
1202,31.794267,35.218171,957.0,,,Jerusalem,public shelter,,True,jerusalem_datacity_2025,
1203,31.780151,35.210626,961.0,,,Jerusalem,public shelter,,True,jerusalem_datacity_2025,
1204,31.765206,35.177435,963.0,,,Jerusalem,public shelter,,True,jerusalem_datacity_2025,
1205,31.7569,35.175358,964.0,,,Jerusalem,public shelter,,True,jerusalem_datacity_2025,
1206,31.753324,35.19577,965.0,,,Jerusalem,public shelter,,True,jerusalem_datacity_2025,
1207,31.758117,35.208807,967.0,,,Jerusalem,public shelter,,True,jerusalem_datacity_2025,
1208,31.756575,35.207897,969.0,,,Jerusalem,public shelter,,True,jerusalem_datacity_2025,
1209,31.767535,35.211426,971.0,,,Jerusalem,public shelter,,True,jerusalem_datacity_2025,
1210,31.775976,35.213572,972.0,,,Jerusalem,public shelter,,True,jerusalem_datacity_2025,
1211,31.777584,35.215869,973.0,,,Jerusalem,public shelter,,True,jerusalem_datacity_2025,
1212,31.779283,35.214471,974.0,,,Jerusalem,public shelter,,True,jerusalem_datacity_2025,
1213,31.7551,35.191507,976.0,,,Jerusalem,public shelter,,True,jerusalem_datacity_2025,
1214,31.786186,35.196468,977.0,,,Jerusalem,public shelter,,True,jerusalem_datacity_2025,
1215,31.786914,35.195644,978.0,,,Jerusalem,public shelter,,True,jerusalem_datacity_2025,
1216,31.794015,35.20068,979.0,,,Jerusalem,public shelter,,True,jerusalem_datacity_2025,
1217,31.755066,35.215908,980.0,,,Jerusalem,public shelter,,True,jerusalem_datacity_2025,
1218,31.75365,35.191529,981.0,,,Jerusalem,public shelter,,True,jerusalem_datacity_2025,
1219,31.761208,35.220512,984.0,,,Jerusalem,public shelter,,True,jerusalem_datacity_2025,
1220,31.785201,35.217759,985.0,,,Jerusalem,public shelter,,True,jerusalem_datacity_2025,
1221,31.75869,35.207689,987.0,,,Jerusalem,public shelter,,True,jerusalem_datacity_2025,
1222,31.755289,35.218668,988.0,,,Jerusalem,public shelter,,True,jerusalem_datacity_2025,
1223,31.764051,35.172193,991.0,,,Jerusalem,public shelter,,True,jerusalem_datacity_2025,
1224,31.762868,35.176523,992.0,,,Jerusalem,public shelter,,True,jerusalem_datacity_2025,
1225,31.763468,35.174161,993.0,,,Jerusalem,public shelter,,True,jerusalem_datacity_2025,
1226,31.756787,35.21997,995.0,,,Jerusalem,public shelter,,True,jerusalem_datacity_2025,
1227,31.839545,35.228464,997.0,,,Jerusalem,public shelter,,True,jerusalem_datacity_2025,
1228,31.805111,35.240876,998.0,,,Jerusalem,public shelter,,True,jerusalem_datacity_2025,
1229,31.752069,35.170337,726.0,,,Jerusalem,public shelter,,True,jerusalem_datacity_2025,
1230,31.751923,35.170806,726.0,,,Jerusalem,public shelter,,True,jerusalem_datacity_2025,
1231,31.759049,35.164992,734.0,,,Jerusalem,public shelter,,True,jerusalem_datacity_2025,
1232,31.793847,35.201116,975.0,,,Jerusalem,public shelter,,True,jerusalem_datacity_2025,
1233,31.793619,35.20131,975.0,,,Jerusalem,public shelter,,True,jerusalem_datacity_2025,
1234,31.79334,35.201512,975.0,,,Jerusalem,public shelter,,True,jerusalem_datacity_2025,
1235,31.792154,35.222424,616.0,,,Jerusalem,public shelter,,True,jerusalem_datacity_2025,
1236,31.790253,35.224477,617.0,,,Jerusalem,public shelter,,True,jerusalem_datacity_2025,
1237,31.786093,35.22456,629.0,,,Jerusalem,public shelter,,True,jerusalem_datacity_2025,
1238,31.785381,35.223705,632.0,,,Jerusalem,public shelter,,True,jerusalem_datacity_2025,
1239,31.787416,35.219565,636.0,,,Jerusalem,public shelter,,True,jerusalem_datacity_2025,
1240,31.756009,35.176007,722.0,,,Jerusalem,public shelter,,True,jerusalem_datacity_2025,
1241,31.753716,35.175767,723.0,,,Jerusalem,public shelter,,True,jerusalem_datacity_2025,
1242,31.758177,35.164864,732.0,,,Jerusalem,public shelter,,True,jerusalem_datacity_2025,
1243,31.781204,35.226423,752.0,,,Jerusalem,public shelter,,True,jerusalem_datacity_2025,
1244,31.761951,35.210235,805.0,,,Jerusalem,public shelter,,True,jerusalem_datacity_2025,
1245,31.772954,35.210074,809.0,,,Jerusalem,public shelter,,True,jerusalem_datacity_2025,
1246,31.788336,35.206643,812.0,,,Jerusalem,public shelter,,True,jerusalem_datacity_2025,
1247,31.755167,35.182679,813.0,,,Jerusalem,public shelter,,True,jerusalem_datacity_2025,
1248,31.785349,35.205683,647.0,,,Jerusalem,public shelter,,True,jerusalem_datacity_2025,
1249,31.258955,34.808146,ג/2,,,Beer Sheva,bomb_shelter,,True,"beer_sheva_govil,openstreetmap",
1250,31.259731,34.807823,ג/1,,,Beer Sheva,public shelter,,True,beer_sheva_govil,
1251,31.259186,34.8093,ג/25,,,Beer Sheva,public shelter,,True,beer_sheva_govil,
1252,31.257241,34.809295,ג/33,,,Beer Sheva,public shelter,,True,beer_sheva_govil,
1253,31.257416,34.810907,ג/36,,,Beer Sheva,public shelter,,True,beer_sheva_govil,
1254,31.25836,34.810266,ג/3,,,Beer Sheva,public shelter,,True,beer_sheva_govil,
1255,31.254182,34.805554,ג/7,,,Beer Sheva,public shelter,,True,beer_sheva_govil,
1256,31.255109,34.802625,ג/23,,,Beer Sheva,public shelter,,True,beer_sheva_govil,
1257,31.255582,34.804405,ג/22,,,Beer Sheva,public shelter,,True,beer_sheva_govil,
1258,31.253602,34.809457,ג/39,,,Beer Sheva,public shelter,,True,beer_sheva_govil,
1259,31.253669,34.807483,ג/26,,,Beer Sheva,public shelter,,True,beer_sheva_govil,
1260,31.256917,34.808487,ג/31,,,Beer Sheva,public shelter,,True,beer_sheva_govil,
1261,31.257011,34.765052,מ/3,,,Beer Sheva,public shelter,,True,beer_sheva_govil,
1262,31.257544,34.76358,מ/5,,,Beer Sheva,public shelter,,True,beer_sheva_govil,
1263,31.257482,34.762777,מ/4,,,Beer Sheva,public shelter,,True,beer_sheva_govil,
1264,31.270022,34.778606,ו/8,,,Beer Sheva,public shelter,,True,beer_sheva_govil,
1265,31.270227,34.777639,ו/7,,,Beer Sheva,public shelter,,True,beer_sheva_govil,
1266,31.269437,34.776159,ו/6,,,Beer Sheva,public shelter,,True,beer_sheva_govil,
1267,31.265784,34.77007,ו/3,,,Beer Sheva,public shelter,,True,beer_sheva_govil,
1268,31.259662,34.78686,מ/6,,,Beer Sheva,public shelter,,True,beer_sheva_govil,
1269,31.264667,34.795021,ד/9,,,Beer Sheva,public shelter,,True,beer_sheva_govil,
1270,31.266857,34.799704,ד/37,,,Beer Sheva,public shelter,,True,beer_sheva_govil,
1271,31.260368,34.794012,ד/40,,,Beer Sheva,public shelter,,True,beer_sheva_govil,
1272,31.259542,34.791552,ד/30,,,Beer Sheva,public shelter,,True,beer_sheva_govil,
1273,31.262699,34.790611,ד/44,,,Beer Sheva,public shelter,,True,beer_sheva_govil,
1274,31.263725,34.790621,ד/21,,,Beer Sheva,public shelter,,True,beer_sheva_govil,
1275,31.261879,34.792668,ד/38,,,Beer Sheva,public shelter,,True,beer_sheva_govil,
1276,31.263746,34.792246,ד/29,,,Beer Sheva,public shelter,,True,beer_sheva_govil,
1277,31.263201,34.792681,ד/45,,,Beer Sheva,public shelter,,True,beer_sheva_govil,
1278,31.262369,34.790455,ד/13,,,Beer Sheva,public shelter,,True,beer_sheva_govil,
1279,31.270794,34.788275,ד/35,,,Beer Sheva,public shelter,,True,beer_sheva_govil,
1280,31.271136,34.786695,ד/55,,,Beer Sheva,public shelter,,True,beer_sheva_govil,
1281,31.270662,34.785534,ד/52,,,Beer Sheva,public shelter,,True,beer_sheva_govil,
1282,31.271211,34.785137,ד/54,,,Beer Sheva,public shelter,,True,beer_sheva_govil,
1283,31.271799,34.787002,ד/56,,,Beer Sheva,public shelter,,True,beer_sheva_govil,
1284,31.272022,34.78752,ד/58,,,Beer Sheva,public shelter,,True,beer_sheva_govil,
1285,31.272549,34.793843,ד/2,,,Beer Sheva,public shelter,,True,beer_sheva_govil,
1286,31.270341,34.79404,ד/46,,,Beer Sheva,public shelter,,True,beer_sheva_govil,
1287,31.266673,34.801382,ד/49,,,Beer Sheva,public shelter,,True,beer_sheva_govil,
1288,31.262748,34.792093,ד/11,,,Beer Sheva,public shelter,,True,beer_sheva_govil,
1289,31.245529,34.795574,א/10,,,Beer Sheva,public shelter,,True,beer_sheva_govil,
1290,31.24893,34.797029,א/18,,,Beer Sheva,public shelter,,True,beer_sheva_govil,
1291,31.250125,34.796969,א/9,,,Beer Sheva,public shelter,,True,beer_sheva_govil,
1292,31.245855,34.793594,א/17,,,Beer Sheva,public shelter,,True,beer_sheva_govil,
1293,31.246705,34.791426,א/1,,,Beer Sheva,public shelter,,True,beer_sheva_govil,
1294,31.247929,34.784822,א/12,,,Beer Sheva,public shelter,,True,beer_sheva_govil,
1295,31.247778,34.787515,א/5,,,Beer Sheva,public shelter,,True,beer_sheva_govil,
1296,31.2493,34.787287,א/16,,,Beer Sheva,public shelter,,True,beer_sheva_govil,
1297,31.250112,34.785646,א/4,,,Beer Sheva,public shelter,,True,beer_sheva_govil,
1298,31.248662,34.779354,ה/9,,,Beer Sheva,public shelter,,True,beer_sheva_govil,
1299,31.251783,34.784058,ה/6,,,Beer Sheva,public shelter,,True,beer_sheva_govil,
1300,31.25181,34.782794,ה/12,,,Beer Sheva,public shelter,,True,beer_sheva_govil,
1301,31.250882,34.77786,ה/11,,,Beer Sheva,public shelter,,True,beer_sheva_govil,
1302,31.253442,34.782536,ה/2,,,Beer Sheva,public shelter,,True,beer_sheva_govil,
1303,31.25782,34.783185,בא/2,,,Beer Sheva,public shelter,,True,beer_sheva_govil,
1304,31.253963,34.790017,ב/8,,,Beer Sheva,public shelter,,True,beer_sheva_govil,
1305,31.255848,34.796301,ב/9,,,Beer Sheva,public shelter,,True,beer_sheva_govil,
1306,31.270952,34.80617,ר/11,,,Beer Sheva,public shelter,,True,beer_sheva_govil,
1307,31.271142,34.808852,ר/4,,,Beer Sheva,public shelter,,True,beer_sheva_govil,
1308,31.270293,34.809517,רמות/5,,,Beer Sheva,public shelter,,True,beer_sheva_govil,
1309,31.269919,34.808535,ר/3,,,Beer Sheva,public shelter,,True,beer_sheva_govil,
1310,31.269759,34.809289,רמות/4,,,Beer Sheva,public shelter,,True,beer_sheva_govil,
1311,31.26924,34.809057,רמות/3,,,Beer Sheva,public shelter,,True,beer_sheva_govil,
1312,31.269926,34.806705,ר/9,,,Beer Sheva,public shelter,,True,beer_sheva_govil,
1313,31.268716,34.808841,רמות/2,,,Beer Sheva,public shelter,,True,beer_sheva_govil,
1314,31.268189,34.808612,רמות/1,,,Beer Sheva,public shelter,,True,beer_sheva_govil,
1315,31.268281,34.807844,ר/1,,,Beer Sheva,public shelter,,True,beer_sheva_govil,
1316,31.270631,34.804255,ר/13,,,Beer Sheva,public shelter,,True,beer_sheva_govil,
1317,31.273168,34.800371,ר/16,,,Beer Sheva,public shelter,,True,beer_sheva_govil,
1318,31.27327,34.808798,רמות/8,,,Beer Sheva,public shelter,,True,beer_sheva_govil,
1319,31.273728,34.808438,רמות/9,,,Beer Sheva,public shelter,,True,beer_sheva_govil,
1320,31.27281,34.809176,רמות/7,,,Beer Sheva,public shelter,,True,beer_sheva_govil,
1321,31.274186,34.808067,רמות/10,,,Beer Sheva,public shelter,,True,beer_sheva_govil,
1322,31.274593,34.807722,רמות/11,,,Beer Sheva,public shelter,,True,beer_sheva_govil,
1323,31.27233,34.809553,רמות/6,,,Beer Sheva,public shelter,,True,beer_sheva_govil,
1324,31.273879,34.806862,ר/22,,,Beer Sheva,public shelter,,True,beer_sheva_govil,
1325,31.274412,34.806434,ר/20,,,Beer Sheva,public shelter,,True,beer_sheva_govil,
1326,31.271641,34.803657,ר/14,,,Beer Sheva,public shelter,,True,beer_sheva_govil,
1327,31.2729,34.802708,ר/19,,,Beer Sheva,public shelter,,True,beer_sheva_govil,
1328,31.275652,34.802664,ר/25,,,Beer Sheva,bomb_shelter,,True,"beer_sheva_govil,openstreetmap",
1329,31.274064,34.802378,ר/18,,,Beer Sheva,public shelter,,True,beer_sheva_govil,
1330,31.274569,34.802498,ר/24,,,Beer Sheva,public shelter,,True,beer_sheva_govil,
1331,31.274533,34.804057,ר/21,,,Beer Sheva,public shelter,,True,beer_sheva_govil,
1332,31.27143,34.802296,ר/15,,,Beer Sheva,public shelter,,True,beer_sheva_govil,
1333,31.271782,34.80545,ר/12,,,Beer Sheva,public shelter,,True,beer_sheva_govil,
1334,31.275077,34.80737,רמות/12,,,Beer Sheva,public shelter,,True,beer_sheva_govil,
1335,31.275526,34.806946,רמות/13,,,Beer Sheva,public shelter,,True,beer_sheva_govil,
1336,31.275866,34.806422,רמות/14,,,Beer Sheva,public shelter,,True,beer_sheva_govil,
1337,31.264867,34.760361,נע/22,,,Beer Sheva,public shelter,,True,beer_sheva_govil,
1338,31.27004,34.763843,נע/10,,,Beer Sheva,public shelter,,True,beer_sheva_govil,
1339,31.265877,34.765553,נע/17,,,Beer Sheva,public shelter,,True,beer_sheva_govil,
1340,31.266925,34.766352,נע/16,,,Beer Sheva,public shelter,,True,beer_sheva_govil,
1341,31.26972,34.760827,נע/12,,,Beer Sheva,public shelter,,True,beer_sheva_govil,
1342,31.270368,34.763005,נע/9,,,Beer Sheva,public shelter,,True,beer_sheva_govil,
1343,31.266512,34.759777,נע/23,,,Beer Sheva,public shelter,,True,beer_sheva_govil,
1344,31.266068,34.761038,נע/21,,,Beer Sheva,public shelter,,True,beer_sheva_govil,
1345,31.221437,34.775472,בקע/2,,,Beer Sheva,public shelter,,True,beer_sheva_govil,
1346,31.2241,34.778832,בקע/15,,,Beer Sheva,public shelter,,True,beer_sheva_govil,
1347,31.223524,34.777342,בקע/10,,,Beer Sheva,public shelter,,True,beer_sheva_govil,
1348,31.22577,34.778532,בקע/14,,,Beer Sheva,public shelter,,True,beer_sheva_govil,
1349,31.221961,34.772598,בקע/5,,,Beer Sheva,public shelter,,True,beer_sheva_govil,
1350,31.219693,34.773656,בקע/1,,,Beer Sheva,public shelter,,True,beer_sheva_govil,
1351,31.221172,34.771747,בקע/4,,,Beer Sheva,public shelter,,True,beer_sheva_govil,
1352,31.224849,34.775601,בקע/11,,,Beer Sheva,public shelter,,True,beer_sheva_govil,
1353,31.223937,34.780167,בקע/13,,,Beer Sheva,public shelter,,True,beer_sheva_govil,
1354,31.226117,34.780201,בקע/16,,,Beer Sheva,public shelter,,True,beer_sheva_govil,
1355,31.222958,34.776263,בקע/8,,,Beer Sheva,public shelter,,True,beer_sheva_govil,
1356,31.223743,34.77524,בקע/9,,,Beer Sheva,public shelter,,True,beer_sheva_govil,
1357,31.220913,34.77429,בקע/3,,,Beer Sheva,public shelter,,True,beer_sheva_govil,
1358,31.222914,34.773547,בקע/6,,,Beer Sheva,public shelter,,True,beer_sheva_govil,
1359,31.232115,34.792306,נ/2,,,Beer Sheva,public shelter,,True,beer_sheva_govil,
1360,31.232373,34.780271,נ/1,,,Beer Sheva,public shelter,,True,beer_sheva_govil,
1361,31.243059,34.77967,רסקו/2,,,Beer Sheva,public shelter,,True,beer_sheva_govil,
1362,31.235853,34.784312,ע/9,,,Beer Sheva,public shelter,,True,beer_sheva_govil,
1363,31.238743,34.784657,ע/2,,,Beer Sheva,public shelter,,True,beer_sheva_govil,
1364,31.237001,34.781687,ע/1,,,Beer Sheva,public shelter,,True,beer_sheva_govil,
1365,31.248195,34.79243,א/7,,,Beer Sheva,public shelter,,True,beer_sheva_govil,
1366,31.251428,34.786744,א/14,,,Beer Sheva,public shelter,,True,beer_sheva_govil,
1367,31.250375,34.789915,א/13,,,Beer Sheva,public shelter,,True,beer_sheva_govil,
1368,31.25043,34.78906,א/3,,,Beer Sheva,public shelter,,True,beer_sheva_govil,
1369,31.251745,34.787885,א/15,,,Beer Sheva,public shelter,,True,beer_sheva_govil,
1370,31.24609,34.794145,א/6,,,Beer Sheva,public shelter,,True,beer_sheva_govil,
1371,31.250567,34.794485,א/8,,,Beer Sheva,public shelter,,True,beer_sheva_govil,
1372,31.255572,34.790286,ב/11,,,Beer Sheva,public shelter,,True,beer_sheva_govil,
1373,31.256633,34.79592,ב/3,,,Beer Sheva,public shelter,,True,beer_sheva_govil,
1374,31.254893,34.794104,ב/4,,,Beer Sheva,public shelter,,True,beer_sheva_govil,
1375,31.257226,34.795335,ב/10,,,Beer Sheva,bomb_shelter,,True,"beer_sheva_govil,openstreetmap",
1376,31.254538,34.789076,ב/1,,,Beer Sheva,public shelter,,True,beer_sheva_govil,
1377,31.256504,34.793839,ב/6,,,Beer Sheva,public shelter,,True,beer_sheva_govil,
1378,31.254967,34.796436,ב/5,,,Beer Sheva,public shelter,,True,beer_sheva_govil,
1379,31.257454,34.789226,ב/7,,,Beer Sheva,public shelter,,True,beer_sheva_govil,
1380,31.257861,34.781479,בא/1,,,Beer Sheva,public shelter,,True,beer_sheva_govil,
1381,31.257842,34.783588,בא/3,,,Beer Sheva,public shelter,,True,beer_sheva_govil,
1382,31.222593,34.77509,בקע/7,,,Beer Sheva,public shelter,,True,beer_sheva_govil,
1383,31.224501,34.780849,בקע/12,,,Beer Sheva,public shelter,,True,beer_sheva_govil,
1384,31.242621,34.781754,רסקו/1,,,Beer Sheva,public shelter,,True,beer_sheva_govil,
1385,31.240184,34.781549,ע/7,,,Beer Sheva,public shelter,,True,beer_sheva_govil,
1386,31.239897,34.783276,ע/4,,,Beer Sheva,public shelter,,True,beer_sheva_govil,
1387,31.267881,34.762283,נע/14,,,Beer Sheva,public shelter,,True,beer_sheva_govil,
1388,31.263766,34.762574,נע/20,,,Beer Sheva,public shelter,,True,beer_sheva_govil,
1389,31.270173,34.771717,נע/1,,,Beer Sheva,public shelter,,True,beer_sheva_govil,
1390,31.269812,34.770889,נע/2,,,Beer Sheva,public shelter,,True,beer_sheva_govil,
1391,31.265081,34.763547,נע/19,,,Beer Sheva,public shelter,,True,beer_sheva_govil,
1392,31.269001,34.761841,נע/13,,,Beer Sheva,public shelter,,True,beer_sheva_govil,
1393,31.268106,34.764395,נע/15,,,Beer Sheva,public shelter,,True,beer_sheva_govil,
1394,31.269313,34.764804,נע/11,,,Beer Sheva,public shelter,,True,beer_sheva_govil,
1395,31.26565,34.757713,נע/24,,,Beer Sheva,public shelter,,True,beer_sheva_govil,
1396,31.270889,34.770911,נע/4,,,Beer Sheva,public shelter,,True,beer_sheva_govil,
1397,31.27214,34.765605,נע/8,,,Beer Sheva,public shelter,,True,beer_sheva_govil,
1398,31.26444,34.764311,נע/18,,,Beer Sheva,public shelter,,True,beer_sheva_govil,
1399,31.271165,34.767479,נע/7,,,Beer Sheva,public shelter,,True,beer_sheva_govil,
1400,31.271517,34.769461,נע/5,,,Beer Sheva,public shelter,,True,beer_sheva_govil,
1401,31.256634,34.773237,מ/1,,,Beer Sheva,public shelter,,True,beer_sheva_govil,
1402,31.257037,34.773347,מ/2,,,Beer Sheva,public shelter,,True,beer_sheva_govil,
1403,31.269602,34.805225,ר/10,,,Beer Sheva,public shelter,,True,beer_sheva_govil,
1404,31.275217,34.805199,ר/23,,,Beer Sheva,public shelter,,True,beer_sheva_govil,
1405,31.274177,34.800822,ר/17,,,Beer Sheva,public shelter,,True,beer_sheva_govil,
1406,31.269045,34.808238,ר/2,,,Beer Sheva,public shelter,,True,beer_sheva_govil,
1407,31.272342,34.806653,ר/7,,,Beer Sheva,public shelter,,True,beer_sheva_govil,
1408,31.259745,34.808783,ג/43,,,Beer Sheva,public shelter,,True,beer_sheva_govil,
1409,31.250644,34.801916,ג/46,,,Beer Sheva,public shelter,,True,beer_sheva_govil,
1410,31.251614,34.806506,ג/11,,,Beer Sheva,public shelter,,True,beer_sheva_govil,
1411,31.252468,34.809945,ג/12,,,Beer Sheva,public shelter,,True,beer_sheva_govil,
1412,31.248598,34.808058,ג/29,,,Beer Sheva,public shelter,,True,beer_sheva_govil,
1413,31.255387,34.777966,ה/1,,,Beer Sheva,public shelter,,True,beer_sheva_govil,
1414,31.248956,34.782552,ה/5,,,Beer Sheva,public shelter,,True,beer_sheva_govil,
1415,31.266945,34.770717,ו/2,,,Beer Sheva,public shelter,,True,beer_sheva_govil,
1416,31.268225,34.772251,ו/4,,,Beer Sheva,public shelter,,True,beer_sheva_govil,
1417,31.269246,34.774826,ו/5,,,Beer Sheva,public shelter,,True,beer_sheva_govil,
1418,31.250738,34.779113,ה/4,,,Beer Sheva,public shelter,,True,beer_sheva_govil,
1419,31.268033,34.794801,ד/7,,,Beer Sheva,public shelter,,True,beer_sheva_govil,
1420,31.267903,34.797022,ד/47,,,Beer Sheva,public shelter,,True,beer_sheva_govil,
1421,31.267106,34.794939,ד/42,,,Beer Sheva,public shelter,,True,beer_sheva_govil,
1422,31.260953,34.796957,ד/17,,,Beer Sheva,bomb_shelter,,True,"beer_sheva_govil,openstreetmap",
1423,31.260423,34.796519,ד/32,,,Beer Sheva,public shelter,,True,beer_sheva_govil,
1424,31.261108,34.79527,ד/16,,,Beer Sheva,public shelter,,True,beer_sheva_govil,
1425,31.260223,34.793476,ד/18,,,Beer Sheva,public shelter,,True,beer_sheva_govil,
1426,31.260793,34.792851,ד/15,,,Beer Sheva,public shelter,,True,beer_sheva_govil,
1427,31.258893,34.792867,ד/41,,,Beer Sheva,public shelter,,True,beer_sheva_govil,
1428,31.266845,34.793891,ד/31,,,Beer Sheva,public shelter,,True,beer_sheva_govil,
1429,31.264249,34.795179,ד/33,,,Beer Sheva,public shelter,,True,beer_sheva_govil,
1430,31.264361,34.797005,ד/23,,,Beer Sheva,public shelter,,True,beer_sheva_govil,
1431,31.262612,34.794396,ד/10,,,Beer Sheva,public shelter,,True,beer_sheva_govil,
1432,31.262565,34.797358,ד/22,,,Beer Sheva,bomb_shelter,,True,"beer_sheva_govil,openstreetmap",
1433,31.26629,34.792929,ד/20,,,Beer Sheva,public shelter,,True,beer_sheva_govil,
1434,31.237806,34.785423,ע/3,,,Beer Sheva,public shelter,,True,beer_sheva_govil,
1435,31.237132,34.78893,ע/6,,,Beer Sheva,public shelter,,True,beer_sheva_govil,
1436,31.252234,34.804877,ג/19,,,Beer Sheva,public shelter,,True,beer_sheva_govil,
1437,31.255064,34.810028,ג/37,,,Beer Sheva,public shelter,,True,beer_sheva_govil,
1438,31.255473,34.808648,ג/38,,,Beer Sheva,public shelter,,True,beer_sheva_govil,
1439,31.270945,34.783328,ד/60,,,Beer Sheva,public shelter,,True,beer_sheva_govil,
1440,31.269722,34.784971,ד/59,,,Beer Sheva,public shelter,,True,beer_sheva_govil,
1441,31.248835,34.79593,א/2,,,Beer Sheva,public shelter,,True,beer_sheva_govil,
1442,31.250131,34.805071,ג/14,,,Beer Sheva,public shelter,,True,beer_sheva_govil,
1443,31.25005,34.802773,ג/15,,,Beer Sheva,public shelter,,True,beer_sheva_govil,
1444,31.24864,34.806085,ג/16,,,Beer Sheva,public shelter,,True,beer_sheva_govil,
1445,31.248196,34.804276,ג/17,,,Beer Sheva,public shelter,,True,beer_sheva_govil,
1446,31.247579,34.807195,ג/18,,,Beer Sheva,public shelter,,True,beer_sheva_govil,
1447,31.25285,34.811394,ג/20,,,Beer Sheva,public shelter,,True,beer_sheva_govil,
1448,31.25618,34.806117,ג/21,,,Beer Sheva,public shelter,,True,beer_sheva_govil,
1449,31.250221,34.806499,ג/24,,,Beer Sheva,public shelter,,True,beer_sheva_govil,
1450,31.256096,34.810308,ג/27,,,Beer Sheva,public shelter,,True,beer_sheva_govil,
1451,31.250978,34.803627,ג/28,,,Beer Sheva,public shelter,,True,beer_sheva_govil,
1452,31.249649,34.80853,ג/13,,,Beer Sheva,public shelter,,True,beer_sheva_govil,
1453,31.258087,34.811165,ג/42,,,Beer Sheva,public shelter,,True,beer_sheva_govil,
1454,31.258952,34.809774,ג/35,,,Beer Sheva,public shelter,,True,beer_sheva_govil,
1455,31.258056,34.809375,ג/34,,,Beer Sheva,public shelter,,True,beer_sheva_govil,
1456,31.255523,34.807949,ג/5,,,Beer Sheva,public shelter,,True,beer_sheva_govil,
1457,31.257091,34.810266,ג/4,,,Beer Sheva,public shelter,,True,beer_sheva_govil,
1458,31.254854,34.807022,ג/8,,,Beer Sheva,public shelter,,True,beer_sheva_govil,
1459,31.254468,34.803451,ג/6,,,Beer Sheva,public shelter,,True,beer_sheva_govil,
1460,31.246509,34.808537,ג/45,,,Beer Sheva,public shelter,,True,beer_sheva_govil,
1461,31.252009,34.802793,ג/30,,,Beer Sheva,public shelter,,True,beer_sheva_govil,
1462,31.261536,34.793679,ד/12,,,Beer Sheva,public shelter,,True,beer_sheva_govil,
1463,31.272102,34.79555,ד/28,,,Beer Sheva,public shelter,,True,beer_sheva_govil,
1464,31.270908,34.793518,ד/4,,,Beer Sheva,public shelter,,True,beer_sheva_govil,
1465,31.261594,34.79185,ד/14,,,Beer Sheva,public shelter,,True,beer_sheva_govil,
1466,31.26491,34.799861,ד/24,,,Beer Sheva,public shelter,,True,beer_sheva_govil,
1467,31.265785,34.801119,ד/25,,,Beer Sheva,public shelter,,True,beer_sheva_govil,
1468,31.268825,34.801179,ד/36,,,Beer Sheva,public shelter,,True,beer_sheva_govil,
1469,31.26824,34.792277,ד/27,,,Beer Sheva,public shelter,,True,beer_sheva_govil,
1470,31.270649,34.796894,ד/34,,,Beer Sheva,public shelter,,True,beer_sheva_govil,
1471,31.271364,34.794698,ד/3,,,Beer Sheva,public shelter,,True,beer_sheva_govil,
1472,31.254705,34.808605,ג/9,,,Beer Sheva,public shelter,,True,beer_sheva_govil,
1473,31.257007,34.806802,ג/44,,,Beer Sheva,public shelter,,True,beer_sheva_govil,
1474,31.246528,34.776519,ט/1,,,Beer Sheva,public shelter,,True,beer_sheva_govil,
1475,31.269142,34.792873,ד/5,,,Beer Sheva,public shelter,,True,beer_sheva_govil,
1476,31.244328,34.791002,ע/5,,,Beer Sheva,public shelter,,True,beer_sheva_govil,
1477,31.231367,34.79349,נ/3,,,Beer Sheva,public shelter,,True,beer_sheva_govil,
1478,31.269144,34.795395,ד/48,,,Beer Sheva,public shelter,,True,beer_sheva_govil,
1479,31.269299,34.794785,ד/6,,,Beer Sheva,public shelter,,True,beer_sheva_govil,
1480,31.270245,34.786754,ד/53,,,Beer Sheva,public shelter,,True,beer_sheva_govil,
1481,31.259511,34.785664,מ/7,,,Beer Sheva,public shelter,,True,beer_sheva_govil,
1482,31.269997,34.795584,ד/43,,,Beer Sheva,public shelter,,True,beer_sheva_govil,
1483,31.256424,34.791327,ב/2,,,Beer Sheva,public shelter,,True,beer_sheva_govil,
1484,31.247852,34.779588,ה/14,,,Beer Sheva,public shelter,,True,beer_sheva_govil,
1485,31.248091,34.78094,ה/15,,,Beer Sheva,public shelter,,True,beer_sheva_govil,
1486,31.254749,34.778912,ה/10,,,Beer Sheva,public shelter,,True,beer_sheva_govil,
1487,31.266503,34.794804,ד/8,,,Beer Sheva,public shelter,,True,beer_sheva_govil,
1488,31.2504,34.780501,ה/7,,,Beer Sheva,public shelter,,True,beer_sheva_govil,
1489,31.254119,34.802309,ג/41,,,Beer Sheva,public shelter,,True,beer_sheva_govil,
1490,31.268315,34.796742,ד/19,,,Beer Sheva,public shelter,,True,beer_sheva_govil,
1491,31.271244,34.783473,ד/51,,,Beer Sheva,public shelter,,True,beer_sheva_govil,
1492,31.248231,34.789144,א/11,,,Beer Sheva,public shelter,,True,beer_sheva_govil,
1493,31.272527,34.807951,ר/5,,,Beer Sheva,public shelter,,True,beer_sheva_govil,
1494,31.251733,34.802486,ג/10,,,Beer Sheva,public shelter,,True,beer_sheva_govil,
1495,31.266278,34.769778,ו/1,,,Beer Sheva,public shelter,,True,beer_sheva_govil,
1496,31.270924,34.807204,ר/8,,,Beer Sheva,public shelter,,True,beer_sheva_govil,
1497,31.265965,34.800794,ד/26,,,Beer Sheva,public shelter,,True,beer_sheva_govil,
1498,31.254019,34.811577,ג/48,,,Beer Sheva,public shelter,,True,beer_sheva_govil,
1499,31.270073,34.784222,ד/57,,,Beer Sheva,public shelter,,True,beer_sheva_govil,
1500,31.240148,34.794969,ע/11,,,Beer Sheva,public shelter,,True,beer_sheva_govil,
1501,31.264593,34.796056,ד/50,,,Beer Sheva,public shelter,,True,beer_sheva_govil,
1502,31.246267,34.808266,ג/50,,,Beer Sheva,public shelter,,True,beer_sheva_govil,
1503,31.234715,34.782482,ע/10,,,Beer Sheva,public shelter,,True,beer_sheva_govil,
1504,31.252364,34.808081,ג/40,,,Beer Sheva,public shelter,,True,beer_sheva_govil,
1505,31.254147,34.788344,ב/12,,,Beer Sheva,public shelter,,True,beer_sheva_govil,
1506,31.25236,34.779859,ה/3,,,Beer Sheva,public shelter,,True,beer_sheva_govil,
1507,33.220519,35.621715,מקלט 14,,,,bomb,,True,openstreetmap,
1508,33.195877,35.657527,מקלט 5 מרפאה,,,,bomb,,True,openstreetmap,
1509,32.055524,34.779184,המקלט הגרעיני בתחנה המרכזית החדשה,,,,bomb_shelter,,True,openstreetmap,
1510,32.833821,35.090225,מקלט,,,,bomb_shelter,,True,openstreetmap,
1511,32.833471,35.089793,מקלט,,,,bomb_shelter,,True,openstreetmap,
1512,32.580001,35.180465,מקלט מוזיקה,,,,bomb_shelter,,True,openstreetmap,
1513,31.825714,34.681601,מועדון אלי,,,,bomb_shelter,,True,openstreetmap,
1514,31.813356,34.865198,מקלט מספר 5,,,,building,,True,openstreetmap,
1515,31.926905,34.795901,מקלט ציבורי,,,,changing_rooms,,True,openstreetmap,
1516,31.305581,35.270063,מקלט,,,,bomb_shelter,,True,openstreetmap,
1517,31.304748,35.269912,מקלט,,,,bomb_shelter,,True,openstreetmap,
1518,31.304136,35.270056,מקלט,,,,bomb_shelter,,True,openstreetmap,
1519,31.304684,35.269179,מקלט,,,,bomb_shelter,,True,openstreetmap,
1520,31.304104,35.26871,מקלט,,,,bomb_shelter,,True,openstreetmap,
1521,32.787135,35.012627,Bombshelter #??,,,,bomb shelter,,True,openstreetmap,
1522,32.599578,35.057956,1,,,,bomb_shelter,,True,openstreetmap,
1523,32.598665,35.054564,יד 2,,,,bomb_shelter,,True,openstreetmap,
1524,32.597945,35.053908,אולפן הקלטות,,,,bomb_shelter,,True,openstreetmap,
1525,32.59659,35.054965,4,,,,bomb_shelter,,True,openstreetmap,
1526,32.596987,35.052259,נופים,,,,bomb_shelter,,True,openstreetmap,
1527,32.599866,35.056461,5,,,,bomb_shelter,,True,openstreetmap,
1528,32.597414,35.052967,6,,,,bomb_shelter,,True,openstreetmap,
1529,32.598205,35.056482,8,,,,bomb_shelter,,True,openstreetmap,
1530,32.596983,35.056342,תקשורת,,,,bomb_shelter,,True,openstreetmap,
1531,32.597797,35.055608,10,,,,bomb_shelter,,True,openstreetmap,
1532,32.598745,35.055484,ציפור,,,,bomb_shelter,,True,openstreetmap,
1533,32.598981,35.056963,פילאטיס,,,,bomb_shelter,,True,openstreetmap,
1534,32.599393,35.058362,13,,,,bomb_shelter,,True,openstreetmap,
1535,32.16726,34.901418,,סוקולוב (מגדיאל) הוד השרון,,Hod HaSharon,public shelter,,True,miklat_finder_d4g,
1536,32.161876,34.910319,,נצח ישראל (מגדיאל) הוד השרון,,Hod HaSharon,public shelter,,True,miklat_finder_d4g,
1537,32.157414,34.913395,,ששת הימים (גיל עמל) הוד השרון,,Hod HaSharon,public shelter,,True,miklat_finder_d4g,
1538,32.15917,34.922794,,הגולן (גיל עמל) הוד השרון,,Hod HaSharon,public shelter,,True,miklat_finder_d4g,
1539,32.1382,34.900015,,אלכסנדר הגדול (נווה נאמן) הוד השרון,,Hod HaSharon,public shelter,,True,miklat_finder_d4g,
1540,32.14054,34.898056,,התמר (נווה נאמן) הוד השרון,,Hod HaSharon,public shelter,,True,miklat_finder_d4g,
1541,32.135487,34.899868,,המכבים (נווה נאמן) הוד השרון,,Hod HaSharon,public shelter,,True,miklat_finder_d4g,
1542,32.136163,34.898707,,המכבים 44 (נווה נאמן) הוד השרון,,Hod HaSharon,public shelter,,True,miklat_finder_d4g,
1543,32.137223,34.90152,,שמעון הצדיק (נווה נאמן) הוד השרון,,Hod HaSharon,public shelter,,True,miklat_finder_d4g,
1544,32.15077,34.885241,,התכלת (הדר) הוד השרון,,Hod HaSharon,public shelter,,True,miklat_finder_d4g,
1545,32.140416,34.877883,,הגלעד (רמת הדר) הוד השרון,,Hod HaSharon,public shelter,,True,miklat_finder_d4g,
1546,32.15739,34.896365,,הפרסה (רמתיים) הוד השרון,,Hod HaSharon,public shelter,,True,miklat_finder_d4g,
1547,32.157507,34.886978,,השקמים (רמתיים) הוד השרון,,Hod HaSharon,public shelter,,True,miklat_finder_d4g,
1548,32.155742,34.914073,,החווה החקלאית הוד השרון,,Hod HaSharon,public shelter,,True,miklat_finder_d4g,
1549,32.19736,34.87521,,אסתר המלכה 3 פתח תקווה,,Petah Tikva,public shelter,,True,miklat_finder_d4g,
1550,32.143152,34.877391,,שאול המלך 3 פתח תקווה,,Petah Tikva,public shelter,,True,miklat_finder_d4g,
1551,32.07753,34.899344,,אהבת ציון 11 פתח תקווה,,Petah Tikva,public shelter,,True,miklat_finder_d4g,
1552,32.08273,34.899716,,המעפילים 16 פתח תקווה,,Petah Tikva,public shelter,,True,miklat_finder_d4g,
1553,32.091249,34.897832,,חיסין 6 פתח תקווה,,Petah Tikva,public shelter,,True,miklat_finder_d4g,
1554,32.070502,34.913667,,צפת 32 פתח תקווה,,Petah Tikva,public shelter,,True,miklat_finder_d4g,
1555,32.076027,34.896037,,השופטים 18 פתח תקווה,,Petah Tikva,public shelter,,True,miklat_finder_d4g,
1556,32.07987,34.91813,,יחיעם 5 פתח תקווה,,Petah Tikva,public shelter,,True,miklat_finder_d4g,
1557,32.098723,34.896815,,יונה גרין 22 פתח תקווה,,Petah Tikva,public shelter,,True,miklat_finder_d4g,
1558,32.07785,34.911514,,צלח שלום 12 פתח תקווה,,Petah Tikva,public shelter,,True,miklat_finder_d4g,
1559,32.072582,34.911251,,שבט יששכר 18 פתח תקווה,,Petah Tikva,public shelter,,True,miklat_finder_d4g,
1560,32.071742,34.915956,,טבריה 24 פתח תקווה,,Petah Tikva,public shelter,,True,miklat_finder_d4g,
1561,32.070253,34.902234,,כנסת ישראל 6 פתח תקווה,,Petah Tikva,public shelter,,True,miklat_finder_d4g,
1562,32.074753,34.890258,,מינץ  38 פתח תקווה,,Petah Tikva,public shelter,,True,miklat_finder_d4g,
1563,32.087434,34.885119,,מוהליבר 11 פתח תקווה,,Petah Tikva,public shelter,,True,miklat_finder_d4g,
1564,32.088561,34.882628,,סלור 4 פתח תקווה,,Petah Tikva,public shelter,,True,miklat_finder_d4g,
1565,31.663601,34.596937,,האופן 15 אשקלון,,Ashkelon,public shelter,,True,miklat_finder_d4g,
1566,31.664261,34.598538,,הכישור אשקלון,,Ashkelon,public shelter,,True,miklat_finder_d4g,
1567,31.663054,34.598164,,האופן אשקלון,,Ashkelon,public shelter,,True,miklat_finder_d4g,
1568,31.663781,34.598984,,העגלה אשקלון,,Ashkelon,public shelter,,True,miklat_finder_d4g,
1569,31.670548,34.560133,,הפרדס אשקלון,,Ashkelon,public shelter,,True,miklat_finder_d4g,
1570,31.671561,34.561065,,הדרור אשקלון,,Ashkelon,public shelter,,True,miklat_finder_d4g,
1571,31.673109,34.56698,,הנשיא אשקלון,,Ashkelon,public shelter,,True,miklat_finder_d4g,
1572,31.668958,34.564882,,מלכי ישראל אשקלון,,Ashkelon,public shelter,,True,miklat_finder_d4g,
1573,31.534122,34.583435,,כיכר המלך דוד אשקלון,,Ashkelon,public shelter,,True,miklat_finder_d4g,
1574,31.667791,34.563773,,האילן אשקלון,,Ashkelon,public shelter,,True,miklat_finder_d4g,
1575,31.675057,34.565485,,קפסטט אשקלון,,Ashkelon,public shelter,,True,miklat_finder_d4g,
1576,31.67998,34.570177,,יוהנסבורג אשקלון,,Ashkelon,public shelter,,True,miklat_finder_d4g,
1577,31.678691,34.566939,,זונאבנד 10 אשקלון,,Ashkelon,public shelter,,True,miklat_finder_d4g,
1578,31.679185,34.566326,,הלוז אשקלון,,Ashkelon,public shelter,,True,miklat_finder_d4g,
1579,31.806901,34.640594,,השיקמה אשקלון,,Ashkelon,public shelter,,True,miklat_finder_d4g,
1580,31.679795,34.566117,,שד' ד.אפריקה אשקלון,,Ashkelon,public shelter,,True,miklat_finder_d4g,
1581,31.674303,34.572859,,בן צבי אשקלון,,Ashkelon,public shelter,,True,miklat_finder_d4g,
1582,31.656539,34.584892,,שיבת ציון אשקלון,,Ashkelon,public shelter,,True,miklat_finder_d4g,
1583,31.659672,34.580251,,ישעיהו 16 אשקלון,,Ashkelon,public shelter,,True,miklat_finder_d4g,
1584,31.659913,34.587252,,אליהו הנביא אשקלון,,Ashkelon,public shelter,,True,miklat_finder_d4g,
1585,31.659379,34.584179,,הנביאים 35 אשקלון,,Ashkelon,public shelter,,True,miklat_finder_d4g,
1586,31.659111,34.584972,,נתן הנביא 38 אשקלון,,Ashkelon,public shelter,,True,miklat_finder_d4g,
1587,31.658926,34.58758,,נחמיה אשקלון,,Ashkelon,public shelter,,True,miklat_finder_d4g,
1588,31.658166,34.587009,,עזרא אשקלון,,Ashkelon,public shelter,,True,miklat_finder_d4g,
1589,31.660409,34.577109,,שיבת ציון 10א' אשקלון,,Ashkelon,public shelter,,True,miklat_finder_d4g,
1590,31.657299,34.58514,,יונה אשקלון,,Ashkelon,public shelter,,True,miklat_finder_d4g,
1591,31.657486,34.581464,,דבורה הנביאה אשקלון,,Ashkelon,public shelter,,True,miklat_finder_d4g,
1592,31.658335,34.580397,,חנניה 10 אשקלון,,Ashkelon,public shelter,,True,miklat_finder_d4g,
1593,32.179199,34.814219,,Motzkin 4 Tel Aviv,,Tel Aviv,public shelter,,True,tlv_mymaps,"בי""ס דיזנגוף"
1594,32.089891,34.788448,,Kohnstamm 16 Tel Aviv,,Tel Aviv,public shelter,,True,tlv_mymaps,"2003 בית ספר אהבת ציון הסבה מערכת סינון אב""כ"
1595,32.088521,34.773358,,Ben-yehuda 159 Tel Aviv,,Tel Aviv,public shelter,,True,tlv_mymaps,"2001 בין הבתים 159-161, עמותה לקידום הדימוי הצילומי גלריה לימבוס.מערכת סינון"
1596,32.095477,34.775379,,Ben-yehuda 227 Tel Aviv,,Tel Aviv,public shelter,,True,tlv_mymaps,"94 בי""ס עירוני ה'-חדש"
1597,32.08403,34.780388,,Hapardes 7 Tel Aviv,,Tel Aviv,public shelter,,True,tlv_mymaps,".2003      ביהס למדע חמד""ע.מערכת אב""כ"
1598,32.094104,34.776172,,Micha 20 Tel Aviv,,Tel Aviv,public shelter,,True,tlv_mymaps,"91 בשטח הגינה,מ.סינון 93-92,     חדש"
1599,32.08259,34.773341,,Zola Emile 2 Tel Aviv,,Tel Aviv,public shelter,,True,tlv_mymaps,"בשטח הגינה,הסבה,מ.סינון 93-92 זוגי"
1600,32.021409,34.769053,,Lassalle 7 Tel Aviv,,Tel Aviv,public shelter,,True,tlv_mymaps,"93-92 מכון להשכלת מבוגרים, הכניסה מאדוארד ברנשטיין, מ.סינון"
1601,32.083154,34.769903,,Hakerem 2 Tel Aviv,,Tel Aviv,public shelter,,True,tlv_mymaps,גינת השלכת
1602,32.078557,34.775715,,Shulamit 10 Tel Aviv,,Tel Aviv,public shelter,,True,tlv_mymaps,"61113 גן סולד,עמותה ישראלית לאומנות הצילום. מערכת סינון 2003.מען למכתבים ת.ד 11480 מיקוד"
1603,32.07874,34.778229,,Sderot Masaryk 11 Tel Aviv,,Tel Aviv,public shelter,,True,tlv_mymaps,"61052.כיכר מסריק בגינה,הסבה,ע.אנוש מ.סינון 93-92 מען למשלוח:ת.ד 5293 ת""א מ"
1604,32.082954,34.769078,,Hayarkon 140 Tel Aviv,,Tel Aviv,public shelter,,True,tlv_mymaps,98 בגן השלכת - חדש 95            מ. סינון
1605,32.08621,34.773811,,Shir 2 Tel Aviv,,Tel Aviv,public shelter,,True,tlv_mymaps,".2003 בית אבות,בית משותף,חדש 94     מערכת אב""כ"
1606,32.076424,34.782716,,Ha-shoftim 37 Tel Aviv,,Tel Aviv,public shelter,,True,tlv_mymaps,2000 מקלט חדש 1999 מ.סינון
1607,32.107703,34.800496,,Patai 21 Tel Aviv,,Tel Aviv,public shelter,,True,tlv_mymaps,"2000 בין הבתים 14-16, זוגי         מ. סינון"
1608,32.108136,34.790374,,Burla 25 Tel Aviv,,Tel Aviv,public shelter,,True,tlv_mymaps,"בי""ס ארן הסבה"
1609,32.011572,34.790123,,Motzkin 29 Tel Aviv,,Tel Aviv,public shelter,,True,tlv_mymaps,(כניסה מרחוב טקון )בגינה
1610,32.096889,34.798866,,Tosefta 9 Tel Aviv,,Tel Aviv,public shelter,,True,tlv_mymaps,1999 שכון בבלי מ.סינון
1611,32.014588,34.805279,,HaYotser 5 Tel Aviv,,Tel Aviv,public shelter,,True,tlv_mymaps,AA מזגן 95 מערכת סינון 2001 קבוצת‎
1612,32.092061,34.773359,,Hayarkon 248 Tel Aviv,,Tel Aviv,public shelter,,True,tlv_mymaps,"בי""ס גורדון             הסבה"
1613,32.089827,34.776307,,Grizim 5 Tel Aviv,,Tel Aviv,public shelter,,True,tlv_mymaps,"פינת פקעין, 3 מזגנים 2003,    זוגי מ. הפיס 97.מ.סינוןאב""כ   2000"
1614,32.069493,34.79766,,Erter 6 Tel Aviv,,Tel Aviv,public shelter,,True,tlv_mymaps,"96 בגינה, מ. סינון 98            הסבה מפעל הפיס"
1615,32.071271,34.780924,,Marmorek 22 Tel Aviv,,Tel Aviv,public shelter,,True,tlv_mymaps,".2004 מתחת לבית הכנסת,חדש 94 )ריק(  מערכת סינון אב""כ"
1616,32.15538,34.843718,,Bilu 17 Tel Aviv,,Tel Aviv,public shelter,,True,tlv_mymaps,"2000 חדש 95 ישיבת בר אילן,םערכת    סינון אב""כ"
1617,32.067501,34.773859,,Balfour 14 Tel Aviv,,Tel Aviv,public shelter,,True,tlv_mymaps,"בי""ס בלפור, מ.סינון 95, הסבה"
1618,32.064179,34.766007,,Metula 12 Tel Aviv,,Tel Aviv,public shelter,,True,tlv_mymaps,12 'סמינר בית יעקב              מול בית מס
1619,32.081773,34.833797,,Saadia Gaon 6 Tel Aviv,,Tel Aviv,public shelter,,True,tlv_mymaps,"בי""ס לאומנויות"
1620,32.149361,34.830966,,Yitzhak Elhanan 2 Tel Aviv,,Tel Aviv,public shelter,,True,tlv_mymaps,"2003 בי""ס תקומה מע' סינון אב""כ"
1621,32.066807,34.767929,,Kalischer 5 Tel Aviv,,Tel Aviv,public shelter,,True,tlv_mymaps,"בי""ס לאומניות, חדש 96,אין מונהמע' סינון 2002, מכללה להוראה  טכנולוגית ת.ד. 22674 ת""א עמותה"
1622,32.062382,34.766551,,Pines 22 Tel Aviv,,Tel Aviv,public shelter,,True,tlv_mymaps,"22 ליד המקווה,חדש 94,מ.סינון2000 מען למכתבים מרכז קהילתי נווה  צדק שבזי"
1623,32.056415,34.765141,,Hanagarim 25 Tel Aviv,,Tel Aviv,public shelter,,True,tlv_mymaps,"בי""ס לציור ופיסול             אין מונה חשמל במקלט"
1624,32.056965,34.767784,,Vital 2 Tel Aviv,,Tel Aviv,public shelter,,True,tlv_mymaps,בית משותף פינת חיים ויטל
1625,32.059102,34.77369,,Ha'aliya 17 Tel Aviv,,Tel Aviv,public shelter,,True,tlv_mymaps,19-17 בית משותף/בחצר                בין הבתים
1626,32.057488,34.793808,,Monash 28 Tel Aviv,,Tel Aviv,public shelter,,True,tlv_mymaps,בית משותף
1627,32.051921,34.805172,,Asa'el 3 Tel Aviv,,Tel Aviv,public shelter,,True,tlv_mymaps,"בי""ס צהלה"
1628,32.095027,34.827621,,Etsel 34 Tel Aviv,,Tel Aviv,public shelter,,True,tlv_mymaps,מתחת לכביש פינת רחוב סימן טוב
1629,32.094383,34.82753,,Etsel 24 Tel Aviv,,Tel Aviv,public shelter,,True,tlv_mymaps,".2003 מתחת לכביש פינת רחוב נוריאל   מערכת אב""כ"
1630,32.044348,34.790686,,Tamuz 8 Tel Aviv,,Tel Aviv,public shelter,,True,tlv_mymaps,"גן השוטרת,מ.סינון 95,הסבה"
1631,32.082019,34.829949,,Anielewicz 12 Tel Aviv,,Tel Aviv,public shelter,,True,tlv_mymaps,"בי""ס עירוני ח' בראשית הסבה"
1632,32.045494,34.75792,,Dr. Ehrlich 3 Tel Aviv,,Tel Aviv,public shelter,,True,tlv_mymaps,"פינת ארליך,הסבה 94            רעות ""סדאקה"" - פעילות נוער יהודי ערבי מיכאל אנג'לו 29 יפו"
1633,32.049125,34.759463,,Aza 8 Tel Aviv,,Tel Aviv,public shelter,,True,tlv_mymaps,",בית משותף"
1634,32.033819,34.747171,,Aplaton 7 Tel Aviv,,Tel Aviv,public shelter,,True,tlv_mymaps,"2002 יפו ג' מועדון זקנים ""קשת"" מערכת סינון"
1635,32.075598,34.840046,,Kibbutz Galuyot 21 Tel Aviv,,Tel Aviv,public shelter,,True,tlv_mymaps,"דאר הנדסה-חמ""ל נפת יפו/מטה מטה איזורי/דרום"
1636,32.041822,34.748061,,Mendes-France 8 Tel Aviv,,Tel Aviv,public shelter,,True,tlv_mymaps,גינת טולוז
1637,32.039819,34.746631,,Kedem 104 Tel Aviv,,Tel Aviv,public shelter,,True,tlv_mymaps,"מול קדם 125,הסבה,מול הים"
1638,32.041837,34.754093,,Bat Ayin 21 Tel Aviv,,Tel Aviv,public shelter,,True,tlv_mymaps,"פינת מדרש פנחס,הסבה"
1639,32.041023,34.760566,,Ashdod 13 Tel Aviv,,Tel Aviv,public shelter,,True,tlv_mymaps,"(רקר יפו א',הסבה )ריק"
1640,32.057122,34.757719,,Goldman 3 Tel Aviv,,Tel Aviv,public shelter,,True,tlv_mymaps,"בי""ס עמל טכנולוגי,הסבה        אין מונה חשמל במקלט"
1641,32.043092,34.751797,,Halotus 13 Tel Aviv,,Tel Aviv,public shelter,,True,tlv_mymaps,"עג'מי, מ. סינון 98 עמותה למען הספורט התרבות והחינוך ביפו"
1642,32.043999,34.756347,,Tsahalon HaRofe 3 Tel Aviv,,Tel Aviv,public shelter,,True,tlv_mymaps,".2003 מערכת סינון אב""כ‎"
1643,32.049721,34.752449,,Yefet 44 Tel Aviv,,Tel Aviv,public shelter,,True,tlv_mymaps,"בי""ס ""עמל""                    אין מונה חשמל במקלט"
1644,32.036151,34.750964,,Fikus 19 Tel Aviv,,Tel Aviv,public shelter,,True,tlv_mymaps,"בי""ס החשמונאים                אין מונה חשמל במקלט"
1645,32.033137,34.753333,,Kehilat Canada 3 Tel Aviv,,Tel Aviv,public shelter,,True,tlv_mymaps,"בי""ס גבעת התמר הסבה אין מונה חשמל במקלט"
1646,32.039364,34.754213,,Israel Mirizhin 9 Tel Aviv,,Tel Aviv,public shelter,,True,tlv_mymaps,1999 שכוני חיסכון יפו מ. סינון
1647,32.04686,34.748679,,Kedem 40 Tel Aviv,,Tel Aviv,public shelter,,True,tlv_mymaps,"בי""ס חסן ערפה"
1648,32.039091,34.764505,,Shazar 39 Tel Aviv,,Tel Aviv,public shelter,,True,tlv_mymaps,"בי""ס שז""ר,מערכת סינון 2004. אין מונה חשמל במקלט‎"
1649,32.039488,34.760775,,Nahal Sorek 5 Tel Aviv,,Tel Aviv,public shelter,,True,tlv_mymaps,"בי""ס חב""ד               הסבה  אין מונה חשמל במקלט"
1650,32.158983,34.841147,,Tsviya Lubetkin 35 Tel Aviv,,Tel Aviv,public shelter,,True,tlv_mymaps,"בי""ס בעל שם טוב בני עקיבא )עמותה( מ.מכתבים,עמישב 33,יד אליהו ת-א"
1651,32.062373,34.795987,,Kelmer 6 Tel Aviv,,Tel Aviv,public shelter,,True,tlv_mymaps,"מול גן הילדים,חדש 92.מ.סינון98"
1652,32.062275,34.796917,,Kelmer 10 Tel Aviv,,Tel Aviv,public shelter,,True,tlv_mymaps,"(מול בית הכנסת,חדש 92 אל המעייןמערכת סינון 2002)עמותה"
1653,32.091311,34.793117,,Pinkas 63 Tel Aviv,,Tel Aviv,public shelter,,True,tlv_mymaps,98 חדש 95.מ.סינון‎
1654,32.040163,34.779282,,Ringelblum 1 Tel Aviv,,Tel Aviv,public shelter,,True,tlv_mymaps,קרית שלום מערכת סינון 2001  מען למכתבים בינה רח' יסמין 1  סמינר אפעל רמת אפעל
1655,32.044557,34.775236,,Hakeshet 29 Tel Aviv,,Tel Aviv,public shelter,,True,tlv_mymaps,"ק. שלום, שכ' צבא קבע,מען      מכתבים מורשת יהדות בוכרה ת.ד  12071 ת""א ביכנ""ס מקדשי שביעי"
1656,32.042696,34.772867,,Burma 11 Tel Aviv,,Tel Aviv,public shelter,,True,tlv_mymaps,"ליד גן הילדים, קרית שלום      אוהל אשר מרדכי,אין מונה חשמל"
1657,32.109655,34.820208,,Kehilat Bialistok 3 Tel Aviv,,Tel Aviv,public shelter,,True,tlv_mymaps,".98 הדר יוסף, הסבה מפעל הפיס 96   מ. סינון"
1658,32.123876,34.838914,,Yehonatan 42 Tel Aviv,,Tel Aviv,public shelter,,True,tlv_mymaps,"צהלה, מ.סינון 95,הסבה"
1659,32.071914,34.824682,,Ehud 16 Tel Aviv,,Tel Aviv,public shelter,,True,tlv_mymaps,2001  צהלה מערכת סינון
1660,32.121423,34.840466,,Philadelphia 6 Tel Aviv,,Tel Aviv,public shelter,,True,tlv_mymaps,"(חמ""ל קשר )טיפת חלב"
1661,32.117918,34.813367,,Migdal Shorshan 17 Tel Aviv,,Tel Aviv,public shelter,,True,tlv_mymaps,".בי""ס אלחריזי  1996 הסבה"
1662,32.111803,34.827782,,Tvuot HaArets 7 Tel Aviv,,Tel Aviv,public shelter,,True,tlv_mymaps,".2001 ליד בי""ס תיכון י""ד מערכת סינון"
1663,32.124165,34.826744,,Ir Shemesh 32 Tel Aviv,,Tel Aviv,public shelter,,True,tlv_mymaps,"1999 ליד מגרש המשחקים, מ.הפיס 94   מ.סינון"
1664,32.12132,34.835112,,Tsahal 75 Tel Aviv,,Tel Aviv,public shelter,,True,tlv_mymaps,"ליד מרכז מסחרי צה""ל     הסבה  צהלה אגודה שיתופית מרכז מסחרי מען למכתבים ת.ד 10804 צהלה ת""א"
1665,32.109738,34.817229,,Kehilat Lodz 10 Tel Aviv,,Tel Aviv,public shelter,,True,tlv_mymaps,"10-12 ,הדר יוסף"
1666,32.107903,34.81612,,Kehilat Lodz 28 Tel Aviv,,Tel Aviv,public shelter,,True,tlv_mymaps,הדר יוסף  28-30    זוגי
1667,32.111514,34.819389,,Kehilat Varsha 12 Tel Aviv,,Tel Aviv,public shelter,,True,tlv_mymaps,"בי""ס דוד ילין‎"
1668,32.112381,34.838388,,Hagolan 110 Tel Aviv,,Tel Aviv,public shelter,,True,tlv_mymaps,1999 רמת החייל מ.סינון
1669,32.107776,34.83149,,Hagolan 19 Tel Aviv,,Tel Aviv,public shelter,,True,tlv_mymaps,"96 19-21 רמת החייל,מ.סינון"
1670,32.11436,34.838718,,Hagolan 130 Tel Aviv,,Tel Aviv,public shelter,,True,tlv_mymaps,"מאחורי הבתים 130-132          מען למכתבים ת.ד 43142 ת""א     מיקוד 61431 ביכנ""ס קיקוב ז""ל"
1671,32.11185,34.83968,,HaArad 13 Tel Aviv,,Tel Aviv,public shelter,,True,tlv_mymaps,"בי""ס תיכון י""ד"
1672,32.109277,34.828125,,Binyamin Metudela 8 Tel Aviv,,Tel Aviv,public shelter,,True,tlv_mymaps,"בי""ס קלישר, שכון דן"
1673,32.113766,34.838846,,Hagolan 124 Tel Aviv,,Tel Aviv,public shelter,,True,tlv_mymaps,"רמת החייל                     ביכנ""ס חסידי גור"
1674,32.108876,34.819062,,Hadar Yosef 24 Tel Aviv,,Tel Aviv,public shelter,,True,tlv_mymaps,מול בתים 24-26 הדר יוסף
1675,32.111152,34.817353,,Harav Mark 3 Tel Aviv,,Tel Aviv,public shelter,,True,tlv_mymaps,"(הדר יוסף מאחורי ב. כנסת הסבה  תנועת חב""ד רמת אביב )עמותה"
1676,32.111983,34.835605,,Olei HaGardom 30 Tel Aviv,,Tel Aviv,public shelter,,True,tlv_mymaps,מאחורי בית מס' 30 הסבה‎
1677,32.113628,34.835655,,Marcus 18 Tel Aviv,,Tel Aviv,public shelter,,True,tlv_mymaps,גן שושני )דרום( בית כנסת חסידי גור
1678,32.106053,34.798609,,Gronemann 9 Tel Aviv,,Tel Aviv,public shelter,,True,tlv_mymaps,".1999 בחורשה.סינון אב""כ‎"
1679,32.109212,34.80042,,Kfar Yona 12 Tel Aviv,,Tel Aviv,public shelter,,True,tlv_mymaps,".2004 רמת אביב, אגודת ניצן מע""ן     למכתבים רח' ארלוזורוב 174 ת""א מערכת סינון אב""כ"
1680,32.110502,34.800756,,Brody 10 Tel Aviv,,Tel Aviv,public shelter,,True,tlv_mymaps,"93-92 רמת אביב,מ.סינון"
1681,32.115092,34.79726,,Andersen 36 Tel Aviv,,Tel Aviv,public shelter,,True,tlv_mymaps,"בי""ס ניצנים             הסבה"
1682,32.119028,34.798101,,Levitan 7 Tel Aviv,,Tel Aviv,public shelter,,True,tlv_mymaps,"בי""ס ארזים"
1683,32.105601,34.793488,,Karni Y 7 Tel Aviv,,Tel Aviv,public shelter,,True,tlv_mymaps,"98 מאחורי תחנת דלק, מ.פיס 94     מ. סינון"
1684,32.080674,34.793446,,Dafna 32 Tel Aviv,,Tel Aviv,public shelter,,True,tlv_mymaps,"פינת הגפן הסבה מרכז ער""ן ת.ד. 7137נתניה42170"
1685,32.079392,34.791837,,Szold Henrietta 6 Tel Aviv,,Tel Aviv,public shelter,,True,tlv_mymaps,"סניף תיכון חדש                מען למכתבים הישיבה הגבוהה     ת.ד. 33619 ת""א"
1686,32.049449,34.778238,,Balaban 5 Tel Aviv,,Tel Aviv,public shelter,,True,tlv_mymaps,".2003 שכ' שפירא,מערכת אב""כ"
1687,32.04648,34.780298,,Zeid 29 Tel Aviv,,Tel Aviv,public shelter,,True,tlv_mymaps,"מול בית מס' 29,מ.סינון 95,    מ.הפיס 97 ביכנ""ס בית אליהו    מען למכתבים ת.ד. 12115 ת""א"
1688,32.045694,34.781151,,Hakinor 3 Tel Aviv,,Tel Aviv,public shelter,,True,tlv_mymaps,"קרית שלום, אל המעיין          פלאפון 054-4493609            בית כנסת אהבה וחסד"
1689,32.041682,34.776919,,Hasharvit 4 Tel Aviv,,Tel Aviv,public shelter,,True,tlv_mymaps,"93-92 ורשבסקי(, מ.סינון)"
1690,32.044267,34.780106,,Dashevski 7 Tel Aviv,,Tel Aviv,public shelter,,True,tlv_mymaps,קרית שלום בית כנסת אוהל יוסף ועמנואל
1691,32.043627,34.779807,,Kaplanski 7 Tel Aviv,,Tel Aviv,public shelter,,True,tlv_mymaps,"בי""ס רמז"
1692,32.039066,34.768454,,Dekel 2 Tel Aviv,,Tel Aviv,public shelter,,True,tlv_mymaps,"בי""ס ברנר, נוה עופר אין מונה חשמל במקלט"
1693,32.046765,34.756594,,Pestalozzi 14 Tel Aviv,,Tel Aviv,public shelter,,True,tlv_mymaps,"97 54-47, שכ' המשטרה יפו, מ.סינון 95,הסבה מ.הפייס"
1694,32.069922,34.779979,,Lunz 11 Tel Aviv,,Tel Aviv,public shelter,,True,tlv_mymaps,"93-92 ישיבת בר אילן, הסבה           מ.סינון"
1695,32.070278,34.775239,,Ha'avoda 25 Tel Aviv,,Tel Aviv,public shelter,,True,tlv_mymaps,בחצר גן ילדים
1696,32.069857,34.796638,,Bitsaron 19 Tel Aviv,,Tel Aviv,public shelter,,True,tlv_mymaps,"בי""ס דוד בלוך          הסבה"
1697,32.06745,34.788427,,Ben Avigdor 5 Tel Aviv,,Tel Aviv,public shelter,,True,tlv_mymaps,"בי""ס פנקס"
1698,32.06908,34.790161,,Hanatsiv 16 Tel Aviv,,Tel Aviv,public shelter,,True,tlv_mymaps,מונטפיורי                          תאטרון מבוגרים
1699,32.052675,34.826264,,HaTsvi 5 Tel Aviv,,Tel Aviv,public shelter,,True,tlv_mymaps,"בי""ס צבי שפירא‎"
1700,32.068668,34.797425,,Shulman 5 Tel Aviv,,Tel Aviv,public shelter,,True,tlv_mymaps,רמת ישראל               הסבה
1701,32.080835,34.784934,,Modigliani 19 Tel Aviv,,Tel Aviv,public shelter,,True,tlv_mymaps,"בי""ס היובל              הסבה"
1702,32.057124,34.793787,,Monash 22 Tel Aviv,,Tel Aviv,public shelter,,True,tlv_mymaps,"מתחת לבניין משותף, בסמוך לבית השוטר"
1703,32.168026,34.837782,,Pinsker 16 Tel Aviv,,Tel Aviv,public shelter,,True,tlv_mymaps,בית משותף
1704,33.221409,35.6234,מקלט 5,,,,,,True,openstreetmap,
1705,31.81572,34.866662,מקלט מספר 1,,,,,,True,openstreetmap,
1706,31.815556,34.865817,מקלט חירום,,,,,,True,openstreetmap,
1707,31.815474,34.864217,מקלט חירום,,,,,,True,openstreetmap,
1708,32.748728,35.032375,המבצר האחרון,,,,,,True,openstreetmap,
1709,31.935912,34.796164,מקלט 8,,,,,,True,openstreetmap,
1710,32.09117,34.914545,SAM Old Bunker,,,,,,True,openstreetmap,
1711,32.089616,34.915462,SAM Old Bunker,,,,,,True,openstreetmap,
1712,32.089674,34.921216,Hardened Aircraft Shelter,,,,,,True,openstreetmap,
1713,32.06523,34.849018,hub ono,,,,,,True,openstreetmap,
1714,32.336676,34.857738,מקלט ציבורי 24,,,,,,True,openstreetmap,
1715,32.958713,35.497554,מקלט,,,,,,True,openstreetmap,
1716,32.702208,35.645036,תותחי נברון,,,,,,True,openstreetmap,
1717,32.790052,35.018912,Bombshelter #36,,,,,,True,openstreetmap,
1718,32.106829,34.776609,שרידי בונקר צפוני,,,,,,True,openstreetmap,
1719,32.104802,34.775953,שרידי בונקר דרומי,,,,,,True,openstreetmap,
1720,31.814611,34.864955,מקלט מספר 3,,,,,,True,openstreetmap,
1721,31.814107,34.866767,מקלט חירום,,,,,,True,openstreetmap,
1722,31.930947,34.803097,מקלט ציבורי,,,,,,True,openstreetmap,
1723,31.928353,34.803512,מקלט ציבורי,,,,,,True,openstreetmap,
1724,31.924974,34.805887,מקלט ציבורי,,,,,,True,openstreetmap,
1725,31.931403,34.802212,"מקלט צה""ל 15",,,,,,True,openstreetmap,
1726,31.389723,34.457985,מיגונית רעים מערב,,,,,,True,openstreetmap,
1727,32.781275,35.011397,Bombshelter #34,,,,,,True,openstreetmap,
1728,30.812425,34.859476,"2002 יד אליהו, מערכת סינון",,,,public shelter,,True,miklat_finder_d4g,
1729,31.270635,35.038373,,,,,Distributed,,True,negev_bimkom,
1730,31.273658,35.036173,,,,,Distributed,,True,negev_bimkom,
1731,31.27074,35.034828,,,,,Distributed,,True,negev_bimkom,
1732,31.270386,35.03332,,,,,Distributed,,True,negev_bimkom,
1733,31.26559,35.006527,,,,,Distributed,,True,negev_bimkom,
1734,31.263751,35.006864,,,,,Distributed,,True,negev_bimkom,
1735,31.30239,34.975032,,,,,Distributed,,True,negev_bimkom,
1736,31.258114,34.961142,,,,,Distributed,,True,negev_bimkom,
1737,31.238226,34.957102,,,,,Distributed,,True,negev_bimkom,
1738,31.237972,34.964168,,,,,Distributed,,True,negev_bimkom,
1739,31.234253,34.965943,,,,,Distributed,,True,negev_bimkom,
1740,31.236222,34.973568,,,,,Distributed,,True,negev_bimkom,
1741,31.234185,35.013668,,,,,Distributed,,True,negev_bimkom,
1742,31.234093,35.009531,,,,,Distributed,,True,negev_bimkom,
1743,31.236369,35.007546,,,,,Distributed,,True,negev_bimkom,
1744,31.200564,34.92675,,,,,Distributed,,True,negev_bimkom,
1745,31.207567,34.927874,,,,,Distributed,,True,negev_bimkom,
1746,31.186396,34.93985,,,,,Distributed,,True,negev_bimkom,
1747,31.209724,34.81688,,,,,Distributed,,True,negev_bimkom,
1748,31.200297,34.820318,,,,,Distributed,,True,negev_bimkom,
1749,31.175902,34.816294,,,,,Distributed,,True,negev_bimkom,
1750,31.167971,34.807545,,,,,Distributed,,True,negev_bimkom,
1751,31.166364,34.810806,,,,,Distributed,,True,negev_bimkom,
1752,31.166365,34.811815,,,,,Distributed,,True,negev_bimkom,
1753,31.128749,34.815406,,,,,Distributed,,True,negev_bimkom,
1754,31.157245,34.841312,,,,,Distributed,,True,negev_bimkom,
1755,31.209422,34.920845,,,,,Distributed,,True,negev_bimkom,
1756,31.199608,34.956435,,,,,Distributed,,True,negev_bimkom,
1757,31.190337,34.95513,,,,,Distributed,,True,negev_bimkom,
1758,31.211811,34.978619,,,,,Distributed,,True,negev_bimkom,
1759,31.239557,35.023646,,,,,Distributed,,True,negev_bimkom,
1760,31.2138,34.875245,,,,,Distributed,,True,negev_bimkom,
1761,31.253929,34.923348,,,,,Distributed,,True,negev_bimkom,
1762,31.257461,34.925058,,,,,Distributed,,True,negev_bimkom,
1763,31.230956,34.948432,,,,,Distributed,,True,negev_bimkom,
1764,31.236689,34.938893,,,,,Distributed,,True,negev_bimkom,
1765,31.139272,34.827035,,,,,Distributed,,True,negev_bimkom,
1766,31.233214,35.017959,,,,,Distributed,,True,negev_bimkom,
1767,31.214839,34.873852,,,,,Distributed,,True,negev_bimkom,
1768,31.1625,34.807529,,,,,Distributed,,True,negev_bimkom,
1769,31.237191,34.944639,,,,,Distributed,,True,negev_bimkom,
1770,31.242023,35.031944,,,,,Distributed,,True,negev_bimkom,
1771,31.227979,35.035767,,,,,Distributed,,True,negev_bimkom,
1772,31.259363,34.86203,,,,,Distributed,,True,negev_bimkom,
1773,31.242616,34.938711,,,,,Distributed,,True,negev_bimkom,
1774,31.2061,34.930152,,,,,Distributed,,True,negev_bimkom,
1775,31.203473,34.864467,,,,,Distributed,,True,negev_bimkom,
1776,31.148494,34.820823,,,,,Distributed,,True,negev_bimkom,
1777,31.250339,34.922967,,,,,Distributed,,True,negev_bimkom,
1778,31.241238,34.972457,,,,,Distributed,,True,negev_bimkom,
1779,31.004855,34.955472,,,,,Distributed,,True,negev_bimkom,
1780,31.237589,34.97021,,,,,Distributed,,True,negev_bimkom,
1781,31.233012,34.977092,,,,,Distributed,,True,negev_bimkom,
1782,31.20186,34.946796,,,,,Distributed,,True,negev_bimkom,
1783,31.22439,34.920843,,,,,Distributed,,True,negev_bimkom,
1784,31.207395,34.978139,,,,,Distributed,,True,negev_bimkom,
1785,31.135055,34.818556,,,,,Distributed,,True,negev_bimkom,
1786,31.201889,34.966386,,,,,Distributed,,True,negev_bimkom,
1787,31.20673,34.943299,,,,,Distributed,,True,negev_bimkom,
1788,31.119632,35.014968,,,,,Distributed,,True,negev_bimkom,
1789,31.063943,34.997029,,,,,Distributed,,True,negev_bimkom,
1790,31.122048,34.96066,,,,,Distributed,,True,negev_bimkom,
1791,31.244398,34.913968,,,,,Distributed,,True,negev_bimkom,
1792,31.187034,34.912268,,,,,Distributed,,True,negev_bimkom,
1793,31.244919,35.011832,,,,,Distributed,,True,negev_bimkom,
1794,31.241347,34.960988,,,,,Distributed,,True,negev_bimkom,
1795,31.251205,34.920218,,,,,Distributed,,True,negev_bimkom,
1796,31.267665,35.020698,,,,,Distributed,,True,negev_bimkom,
1797,31.211808,34.946034,,,,,Distributed,,True,negev_bimkom,
1798,31.264186,34.928101,,,,,Distributed,,True,negev_bimkom,
1799,31.241436,35.020536,,,,,Distributed,,True,negev_bimkom,
1800,31.387644,34.774423,,,,,Distributed,,True,negev_bimkom,
1801,31.299501,34.852195,,,,,Distributed,,True,negev_bimkom,
1802,31.301037,34.841342,,,,,Distributed,,True,negev_bimkom,
1803,31.306619,34.850023,,,,,Distributed,,True,negev_bimkom,
1804,31.303693,34.860101,,,,,Distributed,,True,negev_bimkom,
1805,31.204382,34.940447,,,,,Distributed,,True,negev_bimkom,
1806,31.209032,34.931485,,,,,Distributed,,True,negev_bimkom,
1807,31.209115,34.890152,,,,,Distributed,,True,negev_bimkom,
1808,31.241336,34.963361,,,,,Distributed,,True,negev_bimkom,
1809,31.21656,34.871249,,,,,Distributed,,True,negev_bimkom,
1810,31.240578,34.963702,,,,,Distributed,,True,negev_bimkom,
1811,31.233537,34.968692,,,,,Distributed,,True,negev_bimkom,
1812,31.199404,34.929287,,,,,Distributed,,True,negev_bimkom,
1813,31.208944,34.912003,,,,,Distributed,,True,negev_bimkom,
1814,31.216838,34.872603,,,,,Distributed,,True,negev_bimkom,
1815,31.216034,34.870603,,,,,Distributed,,True,negev_bimkom,
1816,31.1925,34.913512,,,,,Distributed,,True,negev_bimkom,
1817,31.194657,34.919318,,,,,Distributed,,True,negev_bimkom,
1818,31.144834,35.02371,,,,,Distributed,,True,negev_bimkom,
1819,31.149544,34.984961,,,,,Distributed,,True,negev_bimkom,
1820,31.264757,35.006712,,,,,Distributed,,True,negev_bimkom,
1821,31.274848,34.952599,,,,,Distributed,,True,negev_bimkom,
1822,31.03848,35.049157,,,,,Distributed,,True,negev_bimkom,
1823,31.199503,34.979459,,,,,Distributed,,True,negev_bimkom,
1824,31.184346,34.980732,,,,,Distributed,,True,negev_bimkom,
1825,31.182558,34.979954,,,,,Distributed,,True,negev_bimkom,
1826,31.21561,34.914129,,,,,Distributed,,True,negev_bimkom,
1827,30.813026,34.750347,,,,,Distributed,,True,negev_bimkom,
1828,31.241555,35.128046,,,,,Distributed,,True,negev_bimkom,
1829,31.235607,35.09005,,,,,Distributed,,True,negev_bimkom,
1830,31.220829,34.919522,,,,,Distributed,,True,negev_bimkom,
1831,31.215207,35.090816,,,,,Distributed,,True,negev_bimkom,
1832,31.173124,34.825125,,,,,Distributed,,True,negev_bimkom,
1833,31.150794,34.821291,,,,,Distributed,,True,negev_bimkom,
1834,31.293076,35.108681,,,,,Distributed,,True,negev_bimkom,
1835,31.295524,35.106546,,,,,Distributed,,True,negev_bimkom,
1836,31.30777,35.109181,,,,,Distributed,,True,negev_bimkom,
1837,31.290517,35.144713,,,,,Distributed,,True,negev_bimkom,
1838,31.270454,34.967657,,,,,Distributed,,True,negev_bimkom,
1839,31.266617,34.966379,,,,,Distributed,,True,negev_bimkom,
1840,31.242749,35.011347,,,,,Distributed,,True,negev_bimkom,
1841,31.241187,35.008042,,,,,Distributed,,True,negev_bimkom,
1842,31.345187,34.732323,,,,,Distributed,,True,negev_bimkom,
1843,31.361402,34.737994,,,,,Distributed,,True,negev_bimkom,
1844,31.205287,34.940324,,,,,Distributed,,True,negev_bimkom,
1845,31.116511,34.959403,,,,,Distributed,,True,negev_bimkom,
1846,31.119318,34.970293,,,,,Distributed,,True,negev_bimkom,
1847,31.145927,34.965346,,,,,Distributed,,True,negev_bimkom,
1848,31.310975,34.85634,,,,,Distributed,,True,negev_bimkom,
1849,31.250448,34.916107,,,,,Distributed,,True,negev_bimkom,
1850,31.241815,34.920153,,,,,Distributed,,True,negev_bimkom,
1851,31.240486,34.919335,,,,,Distributed,,True,negev_bimkom,
1852,31.199595,34.946671,,,,,Distributed,,True,negev_bimkom,
1853,31.199733,34.945325,,,,,Distributed,,True,negev_bimkom,
1854,31.249747,34.915354,,,,,Distributed,,True,negev_bimkom,
1855,31.25221,34.919008,,,,,Distributed,,True,negev_bimkom,
1856,31.249862,34.914032,,,,,Distributed,,True,negev_bimkom,
1857,31.28263,34.86832,,,,,Distributed,,True,negev_bimkom,
1858,31.20409,34.945117,,,,,Distributed,,True,negev_bimkom,
1859,31.214017,34.866801,,,,,Distributed,,True,negev_bimkom,
1860,31.193795,34.917081,,,,,Distributed,,True,negev_bimkom,
1861,31.186561,34.909768,,,,,Distributed,,True,negev_bimkom,
1862,31.187279,34.910335,,,,,Distributed,,True,negev_bimkom,
1863,31.288356,34.854582,,,,,Distributed,,True,negev_bimkom,
1864,31.299954,34.848284,,,,,Distributed,,True,negev_bimkom,
1865,31.224068,34.911797,,,,,Distributed,,True,negev_bimkom,
1866,31.2322,34.927806,,,,,Distributed,,True,negev_bimkom,
1867,31.219444,34.927239,,,,,Distributed,,True,negev_bimkom,
1868,31.21803,34.919509,,,,,Distributed,,True,negev_bimkom,
1869,31.202936,34.966217,,,,,Distributed,,True,negev_bimkom,
1870,31.21824,34.928089,,,,,Distributed,,True,negev_bimkom,
1871,31.209475,34.947223,,,,,Distributed,,True,negev_bimkom,
1872,31.326084,34.883701,,,,,Distributed,,True,negev_bimkom,
1873,31.067416,34.994544,,,,,Distributed,,True,negev_bimkom,
1874,31.118624,34.970206,,,,,Distributed,,True,negev_bimkom,
1875,31.301495,34.849426,,,,,Distributed,,True,negev_bimkom,
1876,31.108695,35.007623,,,,,Distributed,,True,negev_bimkom,
1877,31.108229,35.008431,,,,,Distributed,,True,negev_bimkom,
1878,31.117892,35.020438,,,,,Distributed,,True,negev_bimkom,
1879,31.108526,35.021883,,,,,Distributed,,True,negev_bimkom,
1880,31.244807,35.009655,,,,,Distributed,,True,negev_bimkom,
1881,31.207302,34.913214,,,,,Distributed,,True,negev_bimkom,
1882,31.304901,34.829394,,,,,Distributed,,True,negev_bimkom,
1883,31.205389,34.926994,,,,,Distributed,,True,negev_bimkom,
1884,31.212342,34.979073,,,,,Distributed,,True,negev_bimkom,
1885,31.297647,34.852264,,,,,Distributed,,True,negev_bimkom,
1886,31.229502,35.019713,,,,,Distributed,,True,negev_bimkom,
1887,31.240444,35.024364,,,,,Distributed,,True,negev_bimkom,
1888,31.204392,34.945502,,,,,Distributed,,True,negev_bimkom,
1889,31.273394,34.937152,,,,,Distributed,,True,negev_bimkom,
1890,31.207363,34.930199,,,,,Distributed,,True,negev_bimkom,
1891,31.184174,34.944183,,,,,Distributed,,True,negev_bimkom,
1892,31.213064,34.897934,,,,,Distributed,,True,negev_bimkom,
1893,31.213547,34.922694,,,,,Distributed,,True,negev_bimkom,
1894,31.234569,34.93916,,,,,Distributed,,True,negev_bimkom,
1895,31.236973,34.946825,,,,,Distributed,,True,negev_bimkom,
1896,31.26314,34.986403,,,,,Distributed,,True,negev_bimkom,
1897,31.128622,35.015491,,,,,Distributed,,True,negev_bimkom,
1898,31.259005,35.025749,,,,,Distributed,,True,negev_bimkom,
1899,31.205041,34.927639,,,,,Distributed,,True,negev_bimkom,
1900,31.20584,34.921891,,,,,Distributed,,True,negev_bimkom,
1901,31.110767,34.961493,,,,,Distributed,,True,negev_bimkom,
1902,31.06612,35.061984,,,,,Distributed,,True,negev_bimkom,
1903,31.110952,34.96096,,,,,Distributed,,True,negev_bimkom,
1904,31.230968,34.992533,,,,,Distributed,,True,negev_bimkom,
1905,31.292883,34.855488,,,,,Distributed,,True,negev_bimkom,
1906,31.161221,34.821721,,,,,Distributed,,True,negev_bimkom,
1907,31.230763,35.002975,,,,,Distributed,,True,negev_bimkom,
1908,31.293317,35.108525,,,,,Meguniot,,True,negev_bimkom,
1909,31.151037,34.82108,,,,,Meguniot,,True,negev_bimkom,
1910,31.220885,34.919921,,,,,Meguniot,,True,negev_bimkom,
1911,31.235309,35.08969,,,,,Meguniot,,True,negev_bimkom,
1912,31.274734,34.952302,,,,,Meguniot,,True,negev_bimkom,
1913,31.184251,34.980091,,,,,Meguniot,,True,negev_bimkom,
1914,31.18233,34.979718,,,,,Meguniot,,True,negev_bimkom,
1915,31.113456,34.953893,,,,,Meguniot,,True,negev_bimkom,
1916,31.116713,34.959031,,,,,Meguniot,,True,negev_bimkom,
1917,31.145882,34.964074,,,,,Meguniot,,True,negev_bimkom,
1918,31.182127,34.962587,,,,,Meguniot,,True,negev_bimkom,
1919,31.119576,34.971164,,,,,Meguniot,,True,negev_bimkom,
1920,31.20451,34.980756,,,,,Meguniot,,True,negev_bimkom,
1921,31.343355,34.730487,,,,,Meguniot,,True,negev_bimkom,
1922,31.325736,34.751662,,,,,Meguniot,,True,negev_bimkom,
1923,31.161758,35.008085,,,,,Meguniot,,True,negev_bimkom,
1924,31.123778,34.996903,,,,,Meguniot,,True,negev_bimkom,
1925,31.009208,34.948406,,,,,Meguniot,,True,negev_bimkom,
1926,31.063986,35.000438,,,,,Meguniot,,True,negev_bimkom,
1927,31.137168,35.006174,,,,,Meguniot,,True,negev_bimkom,
1928,31.159197,34.814397,,,,,Meguniot,,True,negev_bimkom,
1929,31.193543,34.943001,,,,,Meguniot,,True,negev_bimkom,
1930,31.038025,34.707255,,,,,Meguniot,,True,negev_bimkom,
1931,31.430458,34.765727,,,,,Meguniot,,True,negev_bimkom,
1932,31.366295,34.862736,,,,,Meguniot,,True,negev_bimkom,
1933,31.2756,35.065027,,,,,Meguniot,,True,negev_bimkom,
1934,31.264931,35.073652,,,,,Meguniot,,True,negev_bimkom,
1935,31.206353,34.891486,,,,,Meguniot,,True,negev_bimkom,
1936,31.206698,34.978884,,,,,Meguniot,,True,negev_bimkom,
1937,31.009637,34.955714,,,,,Meguniot,,True,negev_bimkom,
1938,31.24479,35.014799,,,,,Meguniot,,True,negev_bimkom,
1939,31.174158,35.061892,,,,,Meguniot,,True,negev_bimkom,
1940,31.273024,34.994435,,,,,Meguniot,,True,negev_bimkom,
1941,31.213064,34.978186,,,,,Meguniot,,True,negev_bimkom,
1942,31.121152,34.955434,,,,,Meguniot,,True,negev_bimkom,
1943,31.163802,35.044801,,,,,Meguniot,,True,negev_bimkom,
1944,31.141678,35.05243,,,,,Meguniot,,True,negev_bimkom,
1945,31.147471,35.047303,,,,,Meguniot,,True,negev_bimkom,
1946,31.092029,34.980161,,,,,Meguniot,,True,negev_bimkom,
1947,31.089441,34.991161,,,,,Meguniot,,True,negev_bimkom,
1948,31.029558,35.0522,,,,,Meguniot,,True,negev_bimkom,
1949,31.076521,34.983142,,,,,Meguniot,,True,negev_bimkom,
1950,31.14086,34.937662,,,,,Meguniot,,True,negev_bimkom,
1951,31.111216,34.952116,,,,,Meguniot,,True,negev_bimkom,
1952,31.145259,34.995178,,,,,Meguniot,,True,negev_bimkom,
1953,30.847458,34.735086,,,,,Meguniot,,True,negev_bimkom,
1954,31.224434,34.913498,,,,,Meguniot,,True,negev_bimkom,
1955,30.987041,34.963928,,,,,Meguniot,,True,negev_bimkom,
1956,31.429034,34.779826,,,,,Meguniot,,True,negev_bimkom,
1957,31.415423,34.776628,,,,,Meguniot,,True,negev_bimkom,
1958,31.427349,34.769432,,,,,Meguniot,,True,negev_bimkom,
1959,31.414807,34.762476,,,,,Meguniot,,True,negev_bimkom,
1960,31.359549,34.739412,,,,,Meguniot,,True,negev_bimkom,
1961,31.323158,34.717581,,,,,Meguniot,,True,negev_bimkom,
1962,31.317546,34.761827,,,,,Meguniot,,True,negev_bimkom,
1963,31.337064,34.722017,,,,,Meguniot,,True,negev_bimkom,
1964,31.36503,34.759219,,,,,Meguniot,,True,negev_bimkom,
1965,31.343905,34.750513,,,,,Meguniot,,True,negev_bimkom,
1966,31.314029,34.80877,,,,,Meguniot,,True,negev_bimkom,
1967,31.338713,34.861983,,,,,Meguniot,,True,negev_bimkom,
1968,31.308116,34.82496,,,,,Meguniot,,True,negev_bimkom,
1969,31.364991,34.864421,,,,,Meguniot,,True,negev_bimkom,
1970,31.309994,34.867801,,,,,Meguniot,,True,negev_bimkom,
1971,31.302498,34.844037,,,,,Meguniot,,True,negev_bimkom,
1972,31.313476,34.854416,,,,,Meguniot,,True,negev_bimkom,
1973,31.30671,34.850649,,,,,Meguniot,,True,negev_bimkom,
1974,31.30335,34.848739,,,,,Meguniot,,True,negev_bimkom,
1975,31.301554,34.851519,,,,,Meguniot,,True,negev_bimkom,
1976,31.289861,34.85652,,,,,Meguniot,,True,negev_bimkom,
1977,31.292784,34.857034,,,,,Meguniot,,True,negev_bimkom,
1978,31.261896,34.896918,,,,,Meguniot,,True,negev_bimkom,
1979,31.292523,34.896252,,,,,Meguniot,,True,negev_bimkom,
1980,31.297325,34.890208,,,,,Meguniot,,True,negev_bimkom,
1981,31.275439,34.91482,,,,,Meguniot,,True,negev_bimkom,
1982,31.316465,34.997824,,,,,Meguniot,,True,negev_bimkom,
1983,31.282381,34.934122,,,,,Meguniot,,True,negev_bimkom,
1984,31.285198,34.931363,,,,,Meguniot,,True,negev_bimkom,
1985,31.291536,34.905918,,,,,Meguniot,,True,negev_bimkom,
1986,31.29887,34.906399,,,,,Meguniot,,True,negev_bimkom,
1987,31.278684,34.943227,,,,,Meguniot,,True,negev_bimkom,
1988,31.272758,34.956537,,,,,Meguniot,,True,negev_bimkom,
1989,31.272081,34.961033,,,,,Meguniot,,True,negev_bimkom,
1990,31.266327,34.951744,,,,,Meguniot,,True,negev_bimkom,
1991,31.259879,35.027576,,,,,Meguniot,,True,negev_bimkom,
1992,31.256025,35.046564,,,,,Meguniot,,True,negev_bimkom,
1993,31.272325,35.021189,,,,,Meguniot,,True,negev_bimkom,
1994,31.2692,35.03074,,,,,Meguniot,,True,negev_bimkom,
1995,31.274014,35.035834,,,,,Meguniot,,True,negev_bimkom,
1996,31.261306,35.094611,,,,,Meguniot,,True,negev_bimkom,
1997,31.268454,35.089647,,,,,Meguniot,,True,negev_bimkom,
1998,31.255292,35.095972,,,,,Meguniot,,True,negev_bimkom,
1999,31.255844,35.061105,,,,,Meguniot,,True,negev_bimkom,
2000,31.251727,35.116784,,,,,Meguniot,,True,negev_bimkom,
2001,31.253252,35.118724,,,,,Meguniot,,True,negev_bimkom,
2002,31.252418,35.126294,,,,,Meguniot,,True,negev_bimkom,
2003,31.246214,35.128105,,,,,Meguniot,,True,negev_bimkom,
2004,31.243012,35.127961,,,,,Meguniot,,True,negev_bimkom,
2005,31.243559,35.122449,,,,,Meguniot,,True,negev_bimkom,
2006,31.242244,35.124844,,,,,Meguniot,,True,negev_bimkom,
2007,31.239072,35.128856,,,,,Meguniot,,True,negev_bimkom,
2008,31.219088,35.118493,,,,,Meguniot,,True,negev_bimkom,
2009,31.251225,35.157601,,,,,Meguniot,,True,negev_bimkom,
2010,31.237482,35.165186,,,,,Meguniot,,True,negev_bimkom,
2011,31.209264,35.092331,,,,,Meguniot,,True,negev_bimkom,
2012,31.181917,35.081379,,,,,Meguniot,,True,negev_bimkom,
2013,31.201585,35.098583,,,,,Meguniot,,True,negev_bimkom,
2014,31.201941,35.115885,,,,,Meguniot,,True,negev_bimkom,
2015,31.153907,35.076098,,,,,Meguniot,,True,negev_bimkom,
2016,31.181143,35.07452,,,,,Meguniot,,True,negev_bimkom,
2017,31.154944,34.999014,,,,,Meguniot,,True,negev_bimkom,
2018,31.216968,34.873326,,,,,Meguniot,,True,negev_bimkom,
2019,31.222057,34.927619,,,,,Meguniot,,True,negev_bimkom,
2020,31.225182,34.925395,,,,,Meguniot,,True,negev_bimkom,
2021,31.23861,34.941867,,,,,Meguniot,,True,negev_bimkom,
2022,31.234451,34.964414,,,,,Meguniot,,True,negev_bimkom,
2023,31.2456,34.960618,,,,,Meguniot,,True,negev_bimkom,
2024,31.238849,34.967615,,,,,Meguniot,,True,negev_bimkom,
2025,31.229267,34.996544,,,,,Meguniot,,True,negev_bimkom,
2026,31.257829,34.924596,,,,,Meguniot,,True,negev_bimkom,
2027,31.253967,34.923747,,,,,Meguniot,,True,negev_bimkom,
2028,31.258115,34.903639,,,,,Meguniot,,True,negev_bimkom,
2029,31.300995,34.823256,,,,,Meguniot,,True,negev_bimkom,
2030,31.233714,34.90146,,,,,Meguniot,,True,negev_bimkom,
2031,31.181759,34.963173,,,,,Meguniot,,True,negev_bimkom,
2032,31.149217,35.023461,,,,,Meguniot,,True,negev_bimkom,
2033,31.240584,34.950385,,,,,Meguniot,,True,negev_bimkom,
2034,31.063654,35.047018,,,,,School,,True,negev_bimkom,
2035,31.248218,34.852491,,,,,School,,True,negev_bimkom,
2036,31.253725,34.867893,,,,,School,,True,negev_bimkom,
2037,31.276994,34.885547,,,,,School,,True,negev_bimkom,
2038,31.398973,34.762725,,,,,School,,True,negev_bimkom,
2039,31.165704,35.029501,,,,,School,,True,negev_bimkom,
2040,31.122729,34.964023,,,,,School,,True,negev_bimkom,
2041,31.242962,35.094274,,,,,School,,True,negev_bimkom,
2042,31.255618,35.208034,,,,,School,,True,negev_bimkom,
2043,31.160505,35.03379,,,,,School,,True,negev_bimkom,
2044,31.396006,34.762896,,,,,School,,True,negev_bimkom,
2045,31.39876,34.75608,,,,,School,,True,negev_bimkom,
2046,31.157863,35.014874,,,,,School,,True,negev_bimkom,
2047,30.76537,35.27615,,,,,School,,True,negev_bimkom,
2048,31.294836,34.925115,,,,,School,,True,negev_bimkom,
2049,31.249529,35.217199,,,,,School,,True,negev_bimkom,
2050,31.066418,35.028751,,,,,School,,True,negev_bimkom,
2051,31.263888,35.210324,,,,,School,,True,negev_bimkom,
2052,31.20407,34.922286,,,,,School,,True,negev_bimkom,
2053,31.189444,34.931992,,,,,School,,True,negev_bimkom,
2054,31.263798,35.213578,,,,,School,,True,negev_bimkom,
2055,31.062202,35.02002,,,,,School,,True,negev_bimkom,
2056,31.067686,35.039834,,,,,School,,True,negev_bimkom,
2057,31.158057,35.017926,,,,,School,,True,negev_bimkom,
2058,31.27031,34.919716,,,,,School,,True,negev_bimkom,
2059,31.01897,34.712669,,,,,School,,True,negev_bimkom,
2060,31.299129,34.921163,,,,,School,,True,negev_bimkom,
2061,31.189151,34.933913,,,,,School,,True,negev_bimkom,
2062,31.387459,34.745758,,,,,School,,True,negev_bimkom,
2063,31.381304,34.767916,,,,,School,,True,negev_bimkom,
2064,31.28213,34.913663,,,,,School,,True,negev_bimkom,
2065,31.387931,34.738995,,,,,School,,True,negev_bimkom,
2066,31.164227,34.822207,,,,,School,,True,negev_bimkom,
2067,31.229556,35.164969,,,,,School,,True,negev_bimkom,
2068,31.38929,34.768973,,,,,School,,True,negev_bimkom,
2069,31.285277,34.876172,,,,,School,,True,negev_bimkom,
2070,31.02365,34.700769,,,,,School,,True,negev_bimkom,
2071,31.250671,35.091893,,,,,School,,True,negev_bimkom,
2072,31.396029,34.761792,,,,,School,,True,negev_bimkom,
2073,31.330207,34.875071,,,,,School,,True,negev_bimkom,
2074,31.246358,35.100432,,,,,School,,True,negev_bimkom,
2075,31.254916,34.861128,,,,,School,,True,negev_bimkom,
2076,31.265936,35.037422,,,,,School,,True,negev_bimkom,
2077,31.303131,34.91987,,,,,School,,True,negev_bimkom,
2078,31.397748,34.745308,,,,,School,,True,negev_bimkom,
2079,31.281619,34.915135,,,,,School,,True,negev_bimkom,
2080,31.321792,34.882118,,,,,School,,True,negev_bimkom,
2081,31.395155,34.749137,,,,,School,,True,negev_bimkom,
2082,31.088452,34.987355,,,,,School,,True,negev_bimkom,
2083,31.389838,34.763041,,,,,School,,True,negev_bimkom,
2084,31.297762,34.922501,,,,,School,,True,negev_bimkom,
2085,31.153806,35.035291,,,,,School,,True,negev_bimkom,
2086,31.253352,34.96238,,,,,School,,True,negev_bimkom,
2087,31.240022,35.066639,,,,,School,,True,negev_bimkom,
2088,31.147993,34.959712,,,,,School,,True,negev_bimkom,
2089,31.298542,34.946405,,,,,School,,True,negev_bimkom,
2090,31.33079,34.859981,,,,,School,,True,negev_bimkom,
2091,31.189878,34.928361,,,,,School,,True,negev_bimkom,
2092,31.198599,34.834565,,,,,School,,True,negev_bimkom,
2093,31.318656,34.865603,,,,,School,,True,negev_bimkom,
2094,31.162427,35.008688,,,,,School,,True,negev_bimkom,
2095,31.091112,34.981731,,,,,School,,True,negev_bimkom,
2096,31.402235,34.764749,,,,,School,,True,negev_bimkom,
2097,31.198467,34.838847,,,,,School,,True,negev_bimkom,
2098,31.305164,34.947006,,,,,School,,True,negev_bimkom,
2099,31.242386,35.085615,,,,,School,,True,negev_bimkom,
2100,31.28438,34.919706,,,,,School,,True,negev_bimkom,
2101,31.254143,34.961266,,,,,School,,True,negev_bimkom,
2102,31.159953,35.025683,,,,,School,,True,negev_bimkom,
2103,31.19104,34.931663,,,,,School,,True,negev_bimkom,
2104,31.275523,34.881383,,,,,School,,True,negev_bimkom,
2105,31.318036,34.856329,,,,,School,,True,negev_bimkom,
2106,31.163217,34.822232,,,,,School,,True,negev_bimkom,
2107,31.39536,34.763824,,,,,School,,True,negev_bimkom,
2108,31.30047,34.932241,,,,,School,,True,negev_bimkom,
2109,31.376457,34.761358,,,,,School,,True,negev_bimkom,
2110,31.2274,35.163752,,,,,School,,True,negev_bimkom,
2111,31.402319,34.765558,,,,,School,,True,negev_bimkom,
2112,31.203922,34.838186,,,,,School,,True,negev_bimkom,
2113,31.152384,35.011844,,,,,School,,True,negev_bimkom,
2114,31.238709,35.099486,,,,,School,,True,negev_bimkom,
2115,31.398451,34.760456,,,,,School,,True,negev_bimkom,
2116,31.24809,34.851852,,,,,School,,True,negev_bimkom,
2117,31.386134,34.750926,,,,,School,,True,negev_bimkom,
2118,31.244283,34.854542,,,,,School,,True,negev_bimkom,
2119,31.2062,34.843476,,,,,School,,True,negev_bimkom,
2120,31.316181,34.864078,,,,,School,,True,negev_bimkom,
2121,31.261389,34.972723,,,,,School,,True,negev_bimkom,
2122,31.13213,34.960602,,,,,School,,True,negev_bimkom,
2123,31.163726,35.034613,,,,,School,,True,negev_bimkom,
2124,31.234513,35.086622,,,,,School,,True,negev_bimkom,
2125,31.198185,34.95014,,,,,School,,True,negev_bimkom,
2126,31.029981,34.693634,,,,,School,,True,negev_bimkom,
2127,31.393488,34.765137,,,,,School,,True,negev_bimkom,
2128,31.261156,35.202144,,,,,School,,True,negev_bimkom,
2129,31.070918,35.035333,,,,,School,,True,negev_bimkom,
2130,31.259884,35.202459,,,,,School,,True,negev_bimkom,
2131,31.061919,35.03735,,,,,School,,True,negev_bimkom,
2132,31.247656,34.857889,,,,,School,,True,negev_bimkom,
2133,31.39165,34.768279,,,,,School,,True,negev_bimkom,
2134,31.072525,35.036462,,,,,School,,True,negev_bimkom,
2135,31.299352,35.077792,,,,,School,,True,negev_bimkom,
2136,31.07084,35.037502,,,,,School,,True,negev_bimkom,
2137,30.987891,34.93308,,,,,School,,True,negev_bimkom,
2138,31.206799,34.889518,,,,,School,,True,negev_bimkom,
2139,31.161459,35.007001,,,,,School,,True,negev_bimkom,
2140,31.228419,35.164014,,,,,School,,True,negev_bimkom,
2141,31.325857,34.860125,,,,,School,,True,negev_bimkom,
2142,31.253031,35.069486,,,,,School,,True,negev_bimkom,
2143,31.325494,34.938893,,,,,School,,True,negev_bimkom,
2144,31.239199,35.102309,,,,,School,,True,negev_bimkom,
2145,31.255119,34.962092,,,,,School,,True,negev_bimkom,
2146,31.25781,35.205557,,,,,School,,True,negev_bimkom,
2147,31.071422,35.048556,,,,,School,,True,negev_bimkom,
2148,31.179365,34.952005,,,,,School,,True,negev_bimkom,
2149,31.252976,35.077308,,,,,School,,True,negev_bimkom,
2150,31.191046,34.833189,,,,,School,,True,negev_bimkom,
2151,31.08105,34.983777,,,,,School,,True,negev_bimkom,
2152,31.134454,34.959013,,,,,School,,True,negev_bimkom,
2153,31.40111,34.765322,,,,,School,,True,negev_bimkom,
2154,31.248567,34.861455,,,,,School,,True,negev_bimkom,
2155,31.284007,35.056724,,,,,School,,True,negev_bimkom,
2156,31.291662,35.071322,,,,,School,,True,negev_bimkom,
2157,31.202999,34.815903,,,,,School,,True,negev_bimkom,
2158,31.258432,35.21426,,,,,School,,True,negev_bimkom,
2159,31.333437,34.897146,,,,,School,,True,negev_bimkom,
2160,31.070018,35.02976,,,,,School,,True,negev_bimkom,
2161,31.074921,35.027509,,,,,School,,True,negev_bimkom,
2162,30.98501,34.927299,,,,,School,,True,negev_bimkom,
2163,31.255221,35.202176,,,,,School,,True,negev_bimkom,
2164,31.327241,34.941945,,,,,School,,True,negev_bimkom,
2165,31.066265,35.02918,,,,,School,,True,negev_bimkom,
2166,31.260876,35.211961,,,,,School,,True,negev_bimkom,
2167,31.296905,34.939698,,,,,School,,True,negev_bimkom,
2168,30.984226,34.931457,,,,,School,,True,negev_bimkom,
2169,31.061294,35.035235,,,,,School,,True,negev_bimkom,
2170,31.254224,35.091468,,,,,School,,True,negev_bimkom,
2171,31.387825,34.73969,,,,,School,,True,negev_bimkom,
2172,31.161028,35.020374,,,,,School,,True,negev_bimkom,
2173,31.073983,35.040871,,,,,School,,True,negev_bimkom,
2174,30.991296,34.926705,,,,,School,,True,negev_bimkom,
2175,31.392307,34.767823,,,,,School,,True,negev_bimkom,
2176,31.198951,34.837785,,,,,School,,True,negev_bimkom,
2177,31.300723,34.932534,,,,,School,,True,negev_bimkom,
2178,31.149517,35.006407,,,,,School,,True,negev_bimkom,
2179,31.2448,35.0919,,,,,School,,True,negev_bimkom,
2180,31.387928,34.750728,,,,,School,,True,negev_bimkom,
2181,31.162386,35.024189,,,,,School,,True,negev_bimkom,
2182,31.297509,34.939307,,,,,School,,True,negev_bimkom,
2183,30.983836,34.930851,,,,,School,,True,negev_bimkom,
2184,31.395771,34.770594,,,,,School,,True,negev_bimkom,
2185,31.193812,34.83834,,,,,School,,True,negev_bimkom,
2186,31.000817,34.78502,,,,,School,,True,negev_bimkom,
2187,31.005056,34.768886,,,,,School,,True,negev_bimkom,
2188,31.256763,34.958571,,,,,School,,True,negev_bimkom,
2189,31.075207,35.039266,,,,,School,,True,negev_bimkom,
2190,31.204172,34.92343,,,,,School,,True,negev_bimkom,
2191,31.077509,35.033896,,,,,School,,True,negev_bimkom,
2192,31.392351,34.741728,,,,,School,,True,negev_bimkom,
2193,31.395709,34.771162,,,,,School,,True,negev_bimkom,
2194,31.32403,34.858377,,,,,School,,True,negev_bimkom,
2195,30.812933,34.750904,,,,,School,,True,negev_bimkom,
2196,31.39653,34.771137,,,,,School,,True,negev_bimkom,
2197,31.065424,35.027705,,,,,School,,True,negev_bimkom,
2198,31.326074,34.940131,,,,,School,,True,negev_bimkom,
2199,31.066191,35.041649,,,,,School,,True,negev_bimkom,
2200,31.069683,35.036037,,,,,School,,True,negev_bimkom,
2201,31.300066,34.916413,,,,,School,,True,negev_bimkom,
2202,31.407717,34.751295,,,,,School,,True,negev_bimkom,
2203,31.388469,34.738152,,,,,School,,True,negev_bimkom,
2204,31.39916,34.757046,,,,,School,,True,negev_bimkom,
2205,31.326732,34.940192,,,,,School,,True,negev_bimkom,
2206,31.075847,35.025286,,,,,School,,True,negev_bimkom,
2207,30.849723,34.785428,,,,,School,,True,negev_bimkom,
2208,31.255717,35.216465,,,,,School,,True,negev_bimkom,
2209,30.986728,34.928906,,,,,School,,True,negev_bimkom,
2210,31.250261,35.06885,,,,,School,,True,negev_bimkom,
2211,31.327228,34.867086,,,,,School,,True,negev_bimkom,
2212,31.246738,34.865546,,,,,School,,True,negev_bimkom,
2213,31.255802,34.865293,,,,,School,,True,negev_bimkom,
2214,31.248466,34.857141,,,,,School,,True,negev_bimkom,
2215,31.247074,34.866153,,,,,School,,True,negev_bimkom,
2216,31.061934,35.027743,,,,,School,,True,negev_bimkom,
2217,30.988101,34.934168,,,,,School,,True,negev_bimkom,
2218,31.26222,35.214838,,,,,School,,True,negev_bimkom,
2219,31.255284,35.202554,,,,,School,,True,negev_bimkom,
2220,31.072178,35.026309,,,,,School,,True,negev_bimkom,
2221,31.189447,34.933188,,,,,School,,True,negev_bimkom,
2222,31.133561,34.959141,,,,,School,,True,negev_bimkom,
2223,31.080139,34.983654,,,,,School,,True,negev_bimkom,
2224,31.346306,34.738381,,,,,School,,True,negev_bimkom,
2225,31.285063,34.922602,,,,,School,,True,negev_bimkom,
2226,31.327828,34.942122,,,,,School,,True,negev_bimkom,
2227,30.852923,34.784881,,,,,School,,True,negev_bimkom,
2228,31.281468,34.916301,,,,,School,,True,negev_bimkom,
2229,31.003119,34.769325,,,,,School,,True,negev_bimkom,
2230,31.246601,35.088811,,,,,School,,True,negev_bimkom,
2231,31.23325,35.086266,,,,,School,,True,negev_bimkom,
2232,31.296459,35.124776,,,,,School,,True,negev_bimkom,
2233,31.34564,34.738657,,,,,School,,True,negev_bimkom,
2234,31.247859,35.083288,,,,,School,,True,negev_bimkom,
2235,31.154052,35.030278,,,,,School,,True,negev_bimkom,
2236,31.246823,35.085042,,,,,School,,True,negev_bimkom,
2237,31.160635,35.010978,,,,,School,,True,negev_bimkom,
2238,31.298388,34.924505,,,,,School,,True,negev_bimkom,
2239,31.302434,34.948652,,,,,School,,True,negev_bimkom,
2240,31.244971,35.09127,,,,,School,,True,negev_bimkom,
2241,31.245865,35.093137,,,,,School,,True,negev_bimkom,
2242,31.240026,35.061642,,,,,School,,True,negev_bimkom,
2243,31.322277,34.866977,,,,,School,,True,negev_bimkom,
2244,31.403973,34.758611,,,,,School,,True,negev_bimkom,
2245,31.293135,34.939425,,,,,School,,True,negev_bimkom,
2246,31.251267,35.064985,,,,,School,,True,negev_bimkom,
2247,31.324466,34.866255,,,,,School,,True,negev_bimkom,
2248,31.30237,34.930649,,,,,School,,True,negev_bimkom,
2249,31.244498,35.098052,,,,,School,,True,negev_bimkom,
2250,31.376066,34.742607,,,,,School,,True,negev_bimkom,
2251,31.302506,34.930995,,,,,School,,True,negev_bimkom,
2252,31.249326,34.848677,,,,,School,,True,negev_bimkom,
2253,31.248258,34.860564,,,,,School,,True,negev_bimkom,
2254,31.29287,34.942419,,,,,School,,True,negev_bimkom,
2255,31.282212,34.914094,,,,,School,,True,negev_bimkom,
2256,31.385216,34.743897,,,,,School,,True,negev_bimkom,
2257,31.30225,34.94213,,,,,School,,True,negev_bimkom,
2258,31.24368,35.101338,,,,,School,,True,negev_bimkom,
2259,31.391818,34.743991,,,,,School,,True,negev_bimkom,
2260,31.396828,34.742758,,,,,School,,True,negev_bimkom,
2261,31.399331,34.754385,,,,,School,,True,negev_bimkom,
2262,31.395891,34.748061,,,,,School,,True,negev_bimkom,
2263,31.321835,34.860213,,,,,School,,True,negev_bimkom,
2264,31.250351,35.086423,,,,,School,,True,negev_bimkom,
2265,31.381885,34.769007,,,,,School,,True,negev_bimkom,
2266,31.289657,34.94143,,,,,School,,True,negev_bimkom,
2267,31.331774,34.860513,,,,,School,,True,negev_bimkom,
2268,31.286497,34.914616,,,,,School,,True,negev_bimkom,
2269,31.404215,34.760755,,,,,School,,True,negev_bimkom,
2270,31.389666,34.744948,,,,,School,,True,negev_bimkom,
2271,32.801083,34.983667,,,,,bomb,,True,openstreetmap,
2272,32.803521,34.985483,,,,,bomb,,True,openstreetmap,
2273,32.026113,34.764993,,,,,bomb,,True,openstreetmap,
2274,32.797382,34.982982,,,,,bomb,,True,openstreetmap,
2275,32.022414,34.786127,,,,,bomb,,True,openstreetmap,
2276,32.699483,35.106303,,,,,bomb_shelter,,True,openstreetmap,
2277,33.219987,35.622787,,,,,bomb,,True,openstreetmap,
2278,33.219587,35.622246,,,,,bomb,,True,openstreetmap,
2279,31.259457,34.806127,,,,,bomb_shelter,,True,openstreetmap,
2280,31.259912,34.806343,,,,,bomb_shelter,,True,openstreetmap,
2281,32.149689,34.834445,,,,,bomb_shelter,,True,openstreetmap,
2282,32.080844,34.793064,,,,,bomb_shelter,,True,openstreetmap,
2283,32.693635,35.046227,,,,,bomb_shelter,,True,openstreetmap,
2284,32.698733,35.056698,,,,,bomb_shelter,,True,openstreetmap,
2285,32.717279,35.065635,,,,,bomb_shelter,,True,openstreetmap,
2286,32.190698,34.867862,,,,,bomb_shelter,,True,openstreetmap,
2287,31.998797,34.947341,,,,,bomb_shelter,,True,openstreetmap,
2288,31.999141,34.946918,,,,,bomb_shelter,,True,openstreetmap,
2289,32.190598,34.876353,,,,,bomb_shelter,,True,openstreetmap,
2290,32.19153,34.867817,,,,,bomb_shelter,,True,openstreetmap,
2291,32.185443,34.864916,,,,,bomb_shelter,,True,openstreetmap,
2292,32.182915,34.88595,,,,,bomb_shelter,,True,openstreetmap,
2293,32.183471,34.864231,,,,,bomb_shelter,,True,openstreetmap,
2294,32.089459,34.874198,,,,,bomb_shelter,,True,openstreetmap,
2295,32.159132,34.835485,,,,,bomb_shelter,,True,openstreetmap,
2296,32.187922,34.870112,,,,,bomb_shelter,,True,openstreetmap,
2297,32.192285,34.868642,,,,,bomb_shelter,,True,openstreetmap,
2298,32.733269,35.051791,,,,,bomb_shelter,,True,openstreetmap,
2299,32.19619,34.856477,,,,,bomb_shelter,,True,openstreetmap,
2300,32.698852,35.14285,,,,,bomb_shelter,,True,openstreetmap,
2301,32.085528,34.874505,,,,,bomb_shelter,,True,openstreetmap,
2302,32.191273,34.874731,,,,,bomb_shelter,,True,openstreetmap,
2303,32.134711,34.846197,,,,,bomb_shelter,,True,openstreetmap,
2304,31.521561,34.59738,,,,,bomb_shelter,,True,openstreetmap,
2305,31.523114,34.602151,,,,,bomb_shelter,,True,openstreetmap,
2306,31.523955,34.603037,,,,,bomb_shelter,,True,openstreetmap,
2307,31.522735,34.602476,,,,,bomb_shelter,,True,openstreetmap,
2308,31.522465,34.597591,,,,,bomb_shelter,,True,openstreetmap,
2309,31.519463,34.590653,,,,,bomb_shelter,,True,openstreetmap,
2310,31.525777,34.598655,,,,,bomb_shelter,,True,openstreetmap,
2311,31.522155,34.601614,,,,,bomb_shelter,,True,openstreetmap,
2312,31.524788,34.601532,,,,,bomb_shelter,,True,openstreetmap,
2313,32.193059,34.857651,,,,,bomb_shelter,,True,openstreetmap,
2314,31.254303,35.198441,,,,,bomb_shelter,,True,openstreetmap,
2315,31.25347,35.199936,,,,,bomb_shelter,,True,openstreetmap,
2316,31.252745,35.199253,,,,,bomb_shelter,,True,openstreetmap,
2317,31.254949,35.199842,,,,,bomb_shelter,,True,openstreetmap,
2318,31.25262,35.197538,,,,,bomb_shelter,,True,openstreetmap,
2319,31.252235,35.203091,,,,,bomb_shelter,,True,openstreetmap,
2320,31.252524,35.201057,,,,,bomb_shelter,,True,openstreetmap,
2321,31.253508,35.202314,,,,,bomb_shelter,,True,openstreetmap,
2322,32.581751,35.180687,,,,,bomb_shelter,,True,openstreetmap,
2323,31.986218,34.785999,,,,,bomb_shelter,,True,openstreetmap,
2324,31.250304,35.198157,,,,,bomb_shelter,,True,openstreetmap,
2325,31.251598,35.197815,,,,,bomb_shelter,,True,openstreetmap,
2326,32.054437,34.862976,,,,,bomb,,True,openstreetmap,
2327,32.060951,34.856889,,,,,bomb,,True,openstreetmap,
2328,32.189254,34.880361,,,,,bomb_shelter,,True,openstreetmap,
2329,32.098929,34.824753,,,,,bomb_shelter,,True,openstreetmap,
2330,32.190226,34.878898,,,,,bomb_shelter,,True,openstreetmap,
2331,32.191601,34.878354,,,,,bomb_shelter,,True,openstreetmap,
2332,32.192816,34.872165,,,,,bomb_shelter,,True,openstreetmap,
2333,32.185992,34.876398,,,,,bomb_shelter,,True,openstreetmap,
2334,32.067683,34.826156,,,,,bomb_shelter,,True,openstreetmap,
2335,31.771585,34.717102,,,,,bomb_shelter,,True,openstreetmap,
2336,31.774473,34.719608,,,,,bomb_shelter,,True,openstreetmap,
2337,32.783156,35.01461,,,,,,,True,openstreetmap,
2338,32.6587,35.105774,,,,,,,True,openstreetmap,
2339,32.655776,35.105534,,,,,,,True,openstreetmap,
2340,32.659371,35.107828,,,,,,,True,openstreetmap,
2341,32.659988,35.107759,,,,,,,True,openstreetmap,
2342,32.660392,35.1077,,,,,,,True,openstreetmap,
2343,32.713103,34.97604,,,,,,,True,openstreetmap,
2344,29.989721,35.068706,,,,,,,True,openstreetmap,
2345,31.100143,34.876476,,,,,,,True,openstreetmap,
2346,31.099971,34.876928,,,,,,,True,openstreetmap,
2347,31.099628,34.876387,,,,,,,True,openstreetmap,
2348,31.09947,34.876884,,,,,,,True,openstreetmap,
2349,31.099812,34.877373,,,,,,,True,openstreetmap,
2350,31.099286,34.877373,,,,,,,True,openstreetmap,
2351,31.099647,34.877973,,,,,,,True,openstreetmap,
2352,31.099165,34.877862,,,,,,,True,openstreetmap,
2353,31.099565,34.878418,,,,,,,True,openstreetmap,
2354,31.099051,34.878359,,,,,,,True,openstreetmap,
2355,31.099374,34.878907,,,,,,,True,openstreetmap,
2356,31.098975,34.878841,,,,,,,True,openstreetmap,
2357,31.099044,34.880464,,,,,,,True,openstreetmap,
2358,31.098575,34.880368,,,,,,,True,openstreetmap,
2359,31.09893,34.880887,,,,,,,True,openstreetmap,
2360,31.098448,34.88082,,,,,,,True,openstreetmap,
2361,31.098816,34.881398,,,,,,,True,openstreetmap,
2362,31.098378,34.881309,,,,,,,True,openstreetmap,
2363,31.098708,34.881925,,,,,,,True,openstreetmap,
2364,31.098308,34.881843,,,,,,,True,openstreetmap,
2365,31.098245,34.882355,,,,,,,True,openstreetmap,
2366,31.098683,34.882421,,,,,,,True,openstreetmap,
2367,31.098606,34.88297,,,,,,,True,openstreetmap,
2368,31.098556,34.883496,,,,,,,True,openstreetmap,
2369,31.09853,34.884008,,,,,,,True,openstreetmap,
2370,31.09846,34.884467,,,,,,,True,openstreetmap,
2371,31.098384,34.884957,,,,,,,True,openstreetmap,
2372,31.09834,34.885475,,,,,,,True,openstreetmap,
2373,31.098118,34.882822,,,,,,,True,openstreetmap,
2374,31.098042,34.883296,,,,,,,True,openstreetmap,
2375,31.09806,34.883785,,,,,,,True,openstreetmap,
2376,31.097984,34.884363,,,,,,,True,openstreetmap,
2377,31.097965,34.884808,,,,,,,True,openstreetmap,
2378,31.097889,34.885372,,,,,,,True,openstreetmap,
2379,31.097826,34.885868,,,,,,,True,openstreetmap,
2380,31.098289,34.886002,,,,,,,True,openstreetmap,
2381,31.097787,34.886424,,,,,,,True,openstreetmap,
2382,31.098245,34.886506,,,,,,,True,openstreetmap,
2383,31.098156,34.887017,,,,,,,True,openstreetmap,
2384,31.097622,34.886884,,,,,,,True,openstreetmap,
2385,31.097464,34.887395,,,,,,,True,openstreetmap,
2386,31.098042,34.887455,,,,,,,True,openstreetmap,
2387,31.097927,34.888011,,,,,,,True,openstreetmap,
2388,31.097337,34.887929,,,,,,,True,openstreetmap,
2389,31.097127,34.888374,,,,,,,True,openstreetmap,
2390,31.097527,34.891273,,,,,,,True,openstreetmap,
2391,31.097787,34.889745,,,,,,,True,openstreetmap,
2392,31.096556,34.892347,,,,,,,True,openstreetmap,
2393,31.095566,34.88853,,,,,,,True,openstreetmap,
2394,31.09634,34.889783,,,,,,,True,openstreetmap,
2395,31.096042,34.893749,,,,,,,True,openstreetmap,
2396,31.095293,34.892496,,,,,,,True,openstreetmap,
2397,31.095832,34.891132,,,,,,,True,openstreetmap,
2398,31.094766,34.893941,,,,,,,True,openstreetmap,
2399,31.09401,34.892748,,,,,,,True,openstreetmap,
2400,31.094537,34.891317,,,,,,,True,openstreetmap,
2401,31.095039,34.889938,,,,,,,True,openstreetmap,
2402,31.094277,34.888693,,,,,,,True,openstreetmap,
2403,31.093801,34.890161,,,,,,,True,openstreetmap,
2404,31.093249,34.89151,,,,,,,True,openstreetmap,
2405,31.093579,34.887566,,,,,,,True,openstreetmap,
2406,31.093058,34.888982,,,,,,,True,openstreetmap,
2407,31.092544,34.890346,,,,,,,True,openstreetmap,
2408,31.115353,34.919166,,,,,,,True,openstreetmap,
2409,31.116249,34.920268,,,,,,,True,openstreetmap,
2410,31.115425,34.92024,,,,,,,True,openstreetmap,
2411,30.911424,34.874286,,,,,,,True,openstreetmap,
2412,30.910971,34.873533,,,,,,,True,openstreetmap,
2413,30.910498,34.872718,,,,,,,True,openstreetmap,
2414,30.909838,34.872061,,,,,,,True,openstreetmap,
2415,30.910185,34.874808,,,,,,,True,openstreetmap,
2416,30.91073,34.875494,,,,,,,True,openstreetmap,
2417,30.910903,34.876432,,,,,,,True,openstreetmap,
2418,30.911043,34.877319,,,,,,,True,openstreetmap,
2419,30.912258,34.878112,,,,,,,True,openstreetmap,
2420,30.909722,34.874072,,,,,,,True,openstreetmap,
2421,30.909602,34.873117,,,,,,,True,openstreetmap,
2422,30.907953,34.872713,,,,,,,True,openstreetmap,
2423,30.908455,34.871162,,,,,,,True,openstreetmap,
2424,30.907616,34.871218,,,,,,,True,openstreetmap,
2425,30.906657,34.871465,,,,,,,True,openstreetmap,
2426,30.907688,34.873606,,,,,,,True,openstreetmap,
2427,30.907086,34.874735,,,,,,,True,openstreetmap,
2428,30.909322,34.875932,,,,,,,True,openstreetmap,
2429,30.907712,34.877291,,,,,,,True,openstreetmap,
2430,30.905996,34.871965,,,,,,,True,openstreetmap,
2431,30.905678,34.874752,,,,,,,True,openstreetmap,
2432,30.906411,34.875763,,,,,,,True,openstreetmap,
2433,30.905519,34.872707,,,,,,,True,openstreetmap,
2434,30.905394,34.873864,,,,,,,True,openstreetmap,
2435,30.90536,34.875836,,,,,,,True,openstreetmap,
2436,30.907008,34.877617,,,,,,,True,openstreetmap,
2437,30.905683,34.878904,,,,,,,True,openstreetmap,
2438,30.906257,34.878078,,,,,,,True,openstreetmap,
2439,30.904324,34.878235,,,,,,,True,openstreetmap,
2440,30.90456,34.876954,,,,,,,True,openstreetmap,
2441,30.903919,34.879112,,,,,,,True,openstreetmap,
2442,30.90535,34.879786,,,,,,,True,openstreetmap,
2443,30.905066,34.880735,,,,,,,True,openstreetmap,
2444,30.905312,34.881816,,,,,,,True,openstreetmap,
2445,30.914506,34.882132,,,,,,,True,openstreetmap,
2446,30.91521,34.880699,,,,,,,True,openstreetmap,
2447,30.91579,34.881391,,,,,,,True,openstreetmap,
2448,30.916328,34.882072,,,,,,,True,openstreetmap,
2449,30.91561,34.883505,,,,,,,True,openstreetmap,
2450,30.915049,34.882813,,,,,,,True,openstreetmap,
2451,30.917124,34.879358,,,,,,,True,openstreetmap,
2452,30.916604,34.878666,,,,,,,True,openstreetmap,
2453,30.917621,34.880131,,,,,,,True,openstreetmap,
2454,30.917957,34.881128,,,,,,,True,openstreetmap,
2455,30.918095,34.882035,,,,,,,True,openstreetmap,
2456,30.917925,34.882995,,,,,,,True,openstreetmap,
2457,30.91717,34.884186,,,,,,,True,openstreetmap,
2458,30.91659,34.884873,,,,,,,True,openstreetmap,
2459,30.916121,34.885635,,,,,,,True,openstreetmap,
2460,30.915771,34.886407,,,,,,,True,openstreetmap,
2461,30.915638,34.887614,,,,,,,True,openstreetmap,
2462,30.915339,34.88859,,,,,,,True,openstreetmap,
2463,30.917187,34.889556,,,,,,,True,openstreetmap,
2464,30.913981,34.885812,,,,,,,True,openstreetmap,
2465,30.913995,34.884943,,,,,,,True,openstreetmap,
2466,30.913875,34.884052,,,,,,,True,openstreetmap,
2467,30.913723,34.883183,,,,,,,True,openstreetmap,
2468,30.925426,34.888343,,,,,,,True,openstreetmap,
2469,30.925937,34.884937,,,,,,,True,openstreetmap,
2470,30.92614,34.885731,,,,,,,True,openstreetmap,
2471,30.926425,34.886536,,,,,,,True,openstreetmap,
2472,30.927377,34.884792,,,,,,,True,openstreetmap,
2473,30.927101,34.884031,,,,,,,True,openstreetmap,
2474,30.926807,34.88329,,,,,,,True,openstreetmap,
2475,30.924685,34.884256,,,,,,,True,openstreetmap,
2476,30.925104,34.885838,,,,,,,True,openstreetmap,
2477,30.926673,34.887335,,,,,,,True,openstreetmap,
2478,30.927069,34.888231,,,,,,,True,openstreetmap,
2479,30.927511,34.888955,,,,,,,True,openstreetmap,
2480,30.92532,34.886654,,,,,,,True,openstreetmap,
2481,30.925468,34.887458,,,,,,,True,openstreetmap,
2482,30.925311,34.8894,,,,,,,True,openstreetmap,
2483,30.927994,34.886466,,,,,,,True,openstreetmap,
2484,30.927989,34.883467,,,,,,,True,openstreetmap,
2485,30.927746,34.882802,,,,,,,True,openstreetmap,
2486,30.92839,34.884476,,,,,,,True,openstreetmap,
2487,30.92867,34.885211,,,,,,,True,openstreetmap,
2488,30.928265,34.887239,,,,,,,True,openstreetmap,
2489,30.928542,34.888006,,,,,,,True,openstreetmap,
2490,30.928947,34.889036,,,,,,,True,openstreetmap,
2491,30.928901,34.885914,,,,,,,True,openstreetmap,
2492,30.929232,34.88674,,,,,,,True,openstreetmap,
2493,30.929531,34.887475,,,,,,,True,openstreetmap,
2494,30.929821,34.888279,,,,,,,True,openstreetmap,
2495,30.930069,34.888987,,,,,,,True,openstreetmap,
2496,30.913824,34.878339,,,,,,,True,openstreetmap,
2497,30.913065,34.878135,,,,,,,True,openstreetmap,
2498,30.909926,34.879487,,,,,,,True,openstreetmap,
2499,30.91052,34.878907,,,,,,,True,openstreetmap,
2500,30.908449,34.879578,,,,,,,True,openstreetmap,
2501,30.907809,34.880157,,,,,,,True,openstreetmap,
2502,30.907238,34.880769,,,,,,,True,openstreetmap,
2503,30.907735,34.881686,,,,,,,True,openstreetmap,
2504,30.909019,34.880544,,,,,,,True,openstreetmap,
2505,30.906562,34.881364,,,,,,,True,openstreetmap,
2506,30.907169,34.882212,,,,,,,True,openstreetmap,
2507,30.908481,34.881268,,,,,,,True,openstreetmap,
2508,30.911578,34.878033,,,,,,,True,openstreetmap,
2509,30.911275,34.88152,,,,,,,True,openstreetmap,
2510,30.910557,34.881144,,,,,,,True,openstreetmap,
2511,30.909885,34.880699,,,,,,,True,openstreetmap,
2512,30.906879,34.887802,,,,,,,True,openstreetmap,
2513,30.906746,34.886933,,,,,,,True,openstreetmap,
2514,30.906755,34.886069,,,,,,,True,openstreetmap,
2515,30.904698,34.886407,,,,,,,True,openstreetmap,
2516,30.906953,34.888569,,,,,,,True,openstreetmap,
2517,30.906907,34.889352,,,,,,,True,openstreetmap,
2518,30.906741,34.890194,,,,,,,True,openstreetmap,
2519,30.904477,34.889969,,,,,,,True,openstreetmap,
2520,30.904587,34.88814,,,,,,,True,openstreetmap,
2521,30.904633,34.887298,,,,,,,True,openstreetmap,
2522,30.904532,34.889052,,,,,,,True,openstreetmap,
2523,30.916708,34.893311,,,,,,,True,openstreetmap,
2524,30.91897,34.891875,,,,,,,True,openstreetmap,
2525,30.91934,34.887445,,,,,,,True,openstreetmap,
2526,30.919419,34.888258,,,,,,,True,openstreetmap,
2527,30.919319,34.88922,,,,,,,True,openstreetmap,
2528,30.91953,34.886558,,,,,,,True,openstreetmap,
2529,30.917442,34.891888,,,,,,,True,openstreetmap,
2530,30.916866,34.892504,,,,,,,True,openstreetmap,
2531,30.916945,34.894069,,,,,,,True,openstreetmap,
2532,30.917268,34.894883,,,,,,,True,openstreetmap,
2533,30.920202,34.885036,,,,,,,True,openstreetmap,
2534,30.919811,34.885757,,,,,,,True,openstreetmap,
2535,30.924996,34.890495,,,,,,,True,openstreetmap,
2536,30.907244,34.86491,,,,,,,True,openstreetmap,
2537,30.906567,34.863801,,,,,,,True,openstreetmap,
2538,30.905928,34.863074,,,,,,,True,openstreetmap,
2539,30.904886,34.863481,,,,,,,True,openstreetmap,
2540,30.906277,34.865717,,,,,,,True,openstreetmap,
2541,30.907889,34.866032,,,,,,,True,openstreetmap,
2542,30.908555,34.867122,,,,,,,True,openstreetmap,
2543,30.907598,34.867837,,,,,,,True,openstreetmap,
2544,30.90698,34.86679,,,,,,,True,openstreetmap,
2545,31.011607,35.122869,,,,,,,True,openstreetmap,
2546,31.004581,35.108783,,,,,,,True,openstreetmap,
2547,32.69639,35.64562,,,,,,,True,openstreetmap,
2548,33.219498,35.623793,,,,,,,True,openstreetmap,
2549,33.2216,35.625118,,,,,,,True,openstreetmap,
2550,33.198778,35.754246,,,,,,,True,openstreetmap,
2551,32.938522,35.810837,,,,,,,True,openstreetmap,
2552,31.747235,34.932074,,,,,,,True,openstreetmap,
2553,31.747279,34.933039,,,,,,,True,openstreetmap,
2554,31.74727,34.93401,,,,,,,True,openstreetmap,
2555,31.747293,34.935065,,,,,,,True,openstreetmap,
2556,31.747786,34.935793,,,,,,,True,openstreetmap,
2557,31.748168,34.936817,,,,,,,True,openstreetmap,
2558,31.748181,34.937941,,,,,,,True,openstreetmap,
2559,31.747486,34.938004,,,,,,,True,openstreetmap,
2560,31.747252,34.936965,,,,,,,True,openstreetmap,
2561,31.7464,34.934058,,,,,,,True,openstreetmap,
2562,31.746494,34.932923,,,,,,,True,openstreetmap,
2563,31.746369,34.932037,,,,,,,True,openstreetmap,
2564,31.747066,34.929135,,,,,,,True,openstreetmap,
2565,31.746625,34.929867,,,,,,,True,openstreetmap,
2566,31.730331,34.925402,,,,,,,True,openstreetmap,
2567,31.729883,34.926242,,,,,,,True,openstreetmap,
2568,31.729724,34.927242,,,,,,,True,openstreetmap,
2569,31.729776,34.928444,,,,,,,True,openstreetmap,
2570,31.729291,34.929249,,,,,,,True,openstreetmap,
2571,31.728654,34.930067,,,,,,,True,openstreetmap,
2572,31.728624,34.931159,,,,,,,True,openstreetmap,
2573,31.728902,34.931873,,,,,,,True,openstreetmap,
2574,31.72925,34.932651,,,,,,,True,openstreetmap,
2575,29.861082,34.841496,,,,,,,True,openstreetmap,
2576,29.861516,34.841831,,,,,,,True,openstreetmap,
2577,29.989708,35.075863,,,,,,,True,openstreetmap,
2578,31.935565,34.809879,,,,,,,True,openstreetmap,
2579,31.936052,34.80812,,,,,,,True,openstreetmap,
2580,31.932833,34.804444,,,,,,,True,openstreetmap,
2581,31.926254,34.798474,,,,,,,True,openstreetmap,
2582,31.925426,34.801757,,,,,,,True,openstreetmap,
2583,31.93483,34.795574,,,,,,,True,openstreetmap,
2584,31.912477,34.786371,,,,,,,True,openstreetmap,
2585,31.934815,34.810662,,,,,,,True,openstreetmap,
2586,32.667024,35.215699,,,,,,,True,openstreetmap,
2587,32.663905,35.213897,,,,,,,True,openstreetmap,
2588,32.665562,35.215525,,,,,,,True,openstreetmap,
2589,31.397969,34.469437,,,,,,,True,openstreetmap,
2590,31.398602,34.469575,,,,,,,True,openstreetmap,
2591,31.753173,34.745145,,,,,,,True,openstreetmap,
2592,31.752104,34.741941,,,,,,,True,openstreetmap,
2593,31.414168,34.459368,,,,,,,True,openstreetmap,
2594,31.413829,34.460047,,,,,,,True,openstreetmap,
2595,31.413634,34.460651,,,,,,,True,openstreetmap,
2596,31.412874,34.461017,,,,,,,True,openstreetmap,
2597,31.411472,34.460421,,,,,,,True,openstreetmap,
2598,31.412004,34.458436,,,,,,,True,openstreetmap,
2599,31.411364,34.458655,,,,,,,True,openstreetmap,
2600,31.411179,34.459341,,,,,,,True,openstreetmap,
2601,31.411536,34.458019,,,,,,,True,openstreetmap,
2602,31.41338,34.461278,,,,,,,True,openstreetmap,
2603,31.410923,34.459927,,,,,,,True,openstreetmap,
2604,31.411675,34.45974,,,,,,,True,openstreetmap,
2605,31.411819,34.459085,,,,,,,True,openstreetmap,
2606,31.413371,34.459777,,,,,,,True,openstreetmap,
2607,31.413641,34.459146,,,,,,,True,openstreetmap,
2608,31.41312,34.460379,,,,,,,True,openstreetmap,
2609,31.412348,34.460804,,,,,,,True,openstreetmap,
2610,33.015136,35.697802,,,,,,,True,openstreetmap,
2611,32.776956,35.031719,,,,,,,True,openstreetmap,
2612,32.196364,34.856172,,,,,,,True,openstreetmap,
2613,33.226858,35.635342,,,,,,,True,openstreetmap,
2614,33.226867,35.636752,,,,,,,True,openstreetmap,
2615,31.418496,34.46364,,,,,,,True,openstreetmap,
2616,31.41848,34.463205,,,,,,,True,openstreetmap,
2617,31.41816,34.463728,,,,,,,True,openstreetmap,
2618,31.417922,34.463229,,,,,,,True,openstreetmap,
2619,31.417796,34.46388,,,,,,,True,openstreetmap,
2620,31.417655,34.464537,,,,,,,True,openstreetmap,
2621,31.417531,34.465218,,,,,,,True,openstreetmap,
2622,31.417332,34.465872,,,,,,,True,openstreetmap,
2623,31.417147,34.466556,,,,,,,True,openstreetmap,
2624,31.417553,34.462484,,,,,,,True,openstreetmap,
2625,31.417727,34.461807,,,,,,,True,openstreetmap,
2626,31.417838,34.461101,,,,,,,True,openstreetmap,
2627,31.417297,34.46114,,,,,,,True,openstreetmap,
2628,31.417134,34.461759,,,,,,,True,openstreetmap,
2629,31.416953,34.462455,,,,,,,True,openstreetmap,
2630,31.416694,34.462944,,,,,,,True,openstreetmap,
2631,31.41662,34.466381,,,,,,,True,openstreetmap,
2632,31.41677,34.465745,,,,,,,True,openstreetmap,
2633,31.416958,34.465084,,,,,,,True,openstreetmap,
2634,31.417078,34.464429,,,,,,,True,openstreetmap,
2635,31.417241,34.463813,,,,,,,True,openstreetmap,
2636,31.416652,34.463646,,,,,,,True,openstreetmap,
2637,31.416141,34.463385,,,,,,,True,openstreetmap,
2638,31.41597,34.464015,,,,,,,True,openstreetmap,
2639,31.415775,34.464639,,,,,,,True,openstreetmap,
2640,31.415461,34.46524,,,,,,,True,openstreetmap,
2641,31.416158,34.462714,,,,,,,True,openstreetmap,
2642,33.221119,35.622057,,,,,,,True,openstreetmap,
2643,33.220808,35.623573,,,,,,,True,openstreetmap,
2644,33.180584,35.620578,,,,,,,True,openstreetmap,
2645,32.701631,34.981696,,,,,,,True,openstreetmap,
2646,32.699009,35.316852,,,,,,,True,openstreetmap,
2647,32.215236,34.862641,,,,,,,True,openstreetmap,
2648,31.232183,34.670066,,,,,,,True,openstreetmap,
2649,31.23177,34.669299,,,,,,,True,openstreetmap,
2650,31.239054,34.667624,,,,,,,True,openstreetmap,
2651,31.239599,34.665657,,,,,,,True,openstreetmap,
2652,32.670185,35.167466,,,,,,,True,openstreetmap,
2653,32.670319,35.168061,,,,,,,True,openstreetmap,
2654,32.671691,35.168307,,,,,,,True,openstreetmap,
2655,32.671124,35.169932,,,,,,,True,openstreetmap,
2656,32.671406,35.17013,,,,,,,True,openstreetmap,
2657,32.671899,35.169172,,,,,,,True,openstreetmap,
2658,32.671636,35.169792,,,,,,,True,openstreetmap,
2659,32.671842,35.169493,,,,,,,True,openstreetmap,
2660,32.671433,35.168118,,,,,,,True,openstreetmap,
2661,32.674446,35.171817,,,,,,,True,openstreetmap,
2662,32.673717,35.170995,,,,,,,True,openstreetmap,
2663,32.6622,35.174211,,,,,,,True,openstreetmap,
2664,32.662303,35.173839,,,,,,,True,openstreetmap,
2665,32.662408,35.173472,,,,,,,True,openstreetmap,
2666,32.662517,35.17309,,,,,,,True,openstreetmap,
2667,32.662628,35.172712,,,,,,,True,openstreetmap,
2668,32.663124,35.177077,,,,,,,True,openstreetmap,
2669,32.663318,35.176629,,,,,,,True,openstreetmap,
2670,32.663712,35.175731,,,,,,,True,openstreetmap,
2671,32.663605,35.175272,,,,,,,True,openstreetmap,
2672,32.663206,35.176131,,,,,,,True,openstreetmap,
2673,32.663706,35.176548,,,,,,,True,openstreetmap,
2674,32.664117,35.176666,,,,,,,True,openstreetmap,
2675,32.66473,35.176206,,,,,,,True,openstreetmap,
2676,32.664339,35.17613,,,,,,,True,openstreetmap,
2677,32.664167,35.175484,,,,,,,True,openstreetmap,
2678,32.664672,35.175435,,,,,,,True,openstreetmap,
2679,32.665154,35.175368,,,,,,,True,openstreetmap,
2680,32.664837,35.17502,,,,,,,True,openstreetmap,
2681,32.665098,35.174633,,,,,,,True,openstreetmap,
2682,32.664762,35.174184,,,,,,,True,openstreetmap,
2683,32.664808,35.173259,,,,,,,True,openstreetmap,
2684,32.665032,35.173774,,,,,,,True,openstreetmap,
2685,32.664636,35.173706,,,,,,,True,openstreetmap,
2686,32.664183,35.17399,,,,,,,True,openstreetmap,
2687,32.663855,35.174713,,,,,,,True,openstreetmap,
2688,32.664262,35.174563,,,,,,,True,openstreetmap,
2689,31.608326,34.50188,,,,,,,True,openstreetmap,
2690,31.420793,34.467763,,,,,,,True,openstreetmap,
2691,31.420603,34.468301,,,,,,,True,openstreetmap,
2692,31.420118,34.469164,,,,,,,True,openstreetmap,
2693,31.420161,34.46976,,,,,,,True,openstreetmap,
2694,31.4197,34.469474,,,,,,,True,openstreetmap,
2695,31.419751,34.470088,,,,,,,True,openstreetmap,
2696,31.419349,34.470393,,,,,,,True,openstreetmap,
2697,31.419286,34.469792,,,,,,,True,openstreetmap,
2698,31.418857,34.470084,,,,,,,True,openstreetmap,
2699,31.418924,34.470726,,,,,,,True,openstreetmap,
2700,31.418439,34.470407,,,,,,,True,openstreetmap,
2701,31.419357,34.47206,,,,,,,True,openstreetmap,
2702,31.41851,34.470984,,,,,,,True,openstreetmap,
2703,31.419885,34.472088,,,,,,,True,openstreetmap,
2704,31.419917,34.472674,,,,,,,True,openstreetmap,
2705,31.419408,34.472661,,,,,,,True,openstreetmap,
2706,31.420449,34.472157,,,,,,,True,openstreetmap,
2707,31.420449,34.472721,,,,,,,True,openstreetmap,
2708,31.418888,34.472698,,,,,,,True,openstreetmap,
2709,31.418853,34.472125,,,,,,,True,openstreetmap,
2710,31.418553,34.471603,,,,,,,True,openstreetmap,
2711,31.418333,34.46994,,,,,,,True,openstreetmap,
2712,31.418321,34.469349,,,,,,,True,openstreetmap,
2713,31.417887,34.469682,,,,,,,True,openstreetmap,
2714,31.417938,34.470883,,,,,,,True,openstreetmap,
2715,31.418013,34.471474,,,,,,,True,openstreetmap,
2716,31.418309,34.472707,,,,,,,True,openstreetmap,
2717,31.418581,34.473215,,,,,,,True,openstreetmap,
2718,31.419164,34.473173,,,,,,,True,openstreetmap,
2719,31.418868,34.473723,,,,,,,True,openstreetmap,
2720,31.419168,34.474245,,,,,,,True,openstreetmap,
2721,31.419404,34.47363,,,,,,,True,openstreetmap,
2722,31.419747,34.473963,,,,,,,True,openstreetmap,
2723,31.419605,34.474568,,,,,,,True,openstreetmap,
2724,31.420228,34.474198,,,,,,,True,openstreetmap,
2725,31.420094,34.474767,,,,,,,True,openstreetmap,
2726,31.420638,34.474873,,,,,,,True,openstreetmap,
2727,31.420705,34.474249,,,,,,,True,openstreetmap,
2728,31.421139,34.47461,,,,,,,True,openstreetmap,
2729,31.421553,34.474309,,,,,,,True,openstreetmap,
2730,31.421537,34.47369,,,,,,,True,openstreetmap,
2731,31.421021,34.473935,,,,,,,True,openstreetmap,
2732,31.421005,34.47334,,,,,,,True,openstreetmap,
2733,31.420953,34.472739,,,,,,,True,openstreetmap,
2734,31.420875,34.471894,,,,,,,True,openstreetmap,
2735,31.421395,34.471825,,,,,,,True,openstreetmap,
2736,31.421442,34.472444,,,,,,,True,openstreetmap,
2737,31.421501,34.473081,,,,,,,True,openstreetmap,
2738,31.421281,34.471233,,,,,,,True,openstreetmap,
2739,31.42078,34.471284,,,,,,,True,openstreetmap,
2740,31.420693,34.47067,,,,,,,True,openstreetmap,
2741,31.420622,34.470074,,,,,,,True,openstreetmap,
2742,31.420587,34.469446,,,,,,,True,openstreetmap,
2743,31.420544,34.468855,,,,,,,True,openstreetmap,
2744,31.421304,34.467825,,,,,,,True,openstreetmap,
2745,31.42121,34.470642,,,,,,,True,openstreetmap,
2746,31.421127,34.470019,,,,,,,True,openstreetmap,
2747,31.421119,34.468319,,,,,,,True,openstreetmap,
2748,31.415272,34.465881,,,,,,,True,openstreetmap,
2749,31.414771,34.465616,,,,,,,True,openstreetmap,
2750,31.415274,34.464361,,,,,,,True,openstreetmap,
2751,31.415451,34.463742,,,,,,,True,openstreetmap,
2752,31.415432,34.463063,,,,,,,True,openstreetmap,
2753,31.414896,34.462828,,,,,,,True,openstreetmap,
2754,31.414659,34.463479,,,,,,,True,openstreetmap,
2755,31.414549,34.464195,,,,,,,True,openstreetmap,
2756,31.413969,34.464084,,,,,,,True,openstreetmap,
2757,31.414202,34.463331,,,,,,,True,openstreetmap,
2758,31.414407,34.462689,,,,,,,True,openstreetmap,
2759,31.414265,34.464804,,,,,,,True,openstreetmap,
2760,31.413961,34.465386,,,,,,,True,openstreetmap,
2761,31.413883,34.466088,,,,,,,True,openstreetmap,
2762,31.414466,34.466218,,,,,,,True,openstreetmap,
2763,31.414982,34.466606,,,,,,,True,openstreetmap,
2764,31.415041,34.465022,,,,,,,True,openstreetmap,
2765,31.414186,34.466897,,,,,,,True,openstreetmap,
2766,31.413283,34.466079,,,,,,,True,openstreetmap,
2767,31.413319,34.465303,,,,,,,True,openstreetmap,
2768,31.413713,34.464689,,,,,,,True,openstreetmap,
2769,31.414659,34.461585,,,,,,,True,openstreetmap,
2770,31.414797,34.460971,,,,,,,True,openstreetmap,
2771,31.415187,34.461581,,,,,,,True,openstreetmap,
2772,31.41512,34.462149,,,,,,,True,openstreetmap,
2773,31.414044,34.461664,,,,,,,True,openstreetmap,
2774,31.413891,34.462306,,,,,,,True,openstreetmap,
2775,31.413303,34.461996,,,,,,,True,openstreetmap,
2776,31.412767,34.461775,,,,,,,True,openstreetmap,
2777,31.415869,34.459341,,,,,,,True,openstreetmap,
2778,31.415414,34.459814,,,,,,,True,openstreetmap,
2779,31.415014,34.460306,,,,,,,True,openstreetmap,
2780,31.415696,34.460398,,,,,,,True,openstreetmap,
2781,31.416121,34.459909,,,,,,,True,openstreetmap,
2782,31.41661,34.459512,,,,,,,True,openstreetmap,
2783,31.416299,34.45893,,,,,,,True,openstreetmap,
2784,31.415377,34.460985,,,,,,,True,openstreetmap,
2785,31.416744,34.457249,,,,,,,True,openstreetmap,
2786,31.415633,34.456759,,,,,,,True,openstreetmap,
2787,31.417623,34.458505,,,,,,,True,openstreetmap,
2788,31.41935,34.462531,,,,,,,True,openstreetmap,
2789,31.419453,34.461298,,,,,,,True,openstreetmap,
2790,31.417432,34.463122,,,,,,,True,openstreetmap,
2791,31.415625,34.462502,,,,,,,True,openstreetmap,
2792,31.411824,34.455906,,,,,,,True,openstreetmap,
2793,31.410733,34.456747,,,,,,,True,openstreetmap,
2794,31.409435,34.456528,,,,,,,True,openstreetmap,
2795,31.409168,34.459986,,,,,,,True,openstreetmap,
2796,31.408518,34.459967,,,,,,,True,openstreetmap,
2797,31.410384,34.460074,,,,,,,True,openstreetmap,
2798,31.409718,34.459986,,,,,,,True,openstreetmap,
2799,31.409726,34.461402,,,,,,,True,openstreetmap,
2800,31.409668,34.462144,,,,,,,True,openstreetmap,
2801,31.409059,34.462095,,,,,,,True,openstreetmap,
2802,31.409159,34.461382,,,,,,,True,openstreetmap,
2803,31.409184,34.460679,,,,,,,True,openstreetmap,
2804,31.408693,34.46066,,,,,,,True,openstreetmap,
2805,31.409776,34.460738,,,,,,,True,openstreetmap,
2806,31.411109,34.46106,,,,,,,True,openstreetmap,
2807,31.410684,34.460845,,,,,,,True,openstreetmap,
2808,31.411734,34.461275,,,,,,,True,openstreetmap,
2809,31.411493,34.461802,,,,,,,True,openstreetmap,
2810,31.412201,34.461734,,,,,,,True,openstreetmap,
2811,31.411876,34.462437,,,,,,,True,openstreetmap,
2812,31.411201,34.462447,,,,,,,True,openstreetmap,
2813,31.406626,34.459537,,,,,,,True,openstreetmap,
2814,31.406801,34.462212,,,,,,,True,openstreetmap,
2815,31.417919,34.470267,,,,,,,True,openstreetmap,
2816,31.417833,34.469124,,,,,,,True,openstreetmap,
2817,31.930154,34.803194,,,,,,,True,openstreetmap,
2818,31.931562,34.805837,,,,,,,True,openstreetmap,
2819,31.932035,34.810551,,,,,,,True,openstreetmap,
2820,31.930937,34.80048,,,,,,,True,openstreetmap,
2821,31.927676,34.806969,,,,,,,True,openstreetmap,
2822,31.928734,34.807993,,,,,,,True,openstreetmap,
2823,31.926308,34.809784,,,,,,,True,openstreetmap,
2824,31.927467,34.791794,,,,,,,True,openstreetmap,
2825,32.775558,35.031993,,,,,,,True,openstreetmap,
2826,32.192756,34.809083,,,,,,,True,openstreetmap,
2827,31.603027,34.505609,,,,,,,True,openstreetmap,
2828,32.776194,35.035045,,,,,,,True,openstreetmap,
2829,32.875117,35.08484,,,,,,,True,openstreetmap,
2830,32.875161,35.085649,,,,,,,True,openstreetmap,
2831,32.874819,35.085623,,,,,,,True,openstreetmap,
2832,32.87445,35.085599,,,,,,,True,openstreetmap,
2833,32.874081,35.085561,,,,,,,True,openstreetmap,
2834,32.873696,35.085479,,,,,,,True,openstreetmap,
2835,32.873334,35.085342,,,,,,,True,openstreetmap,
2836,32.872837,35.085164,,,,,,,True,openstreetmap,
2837,32.874757,35.084833,,,,,,,True,openstreetmap,
2838,32.872837,35.087827,,,,,,,True,openstreetmap,
2839,32.872461,35.087095,,,,,,,True,openstreetmap,
2840,32.872894,35.087217,,,,,,,True,openstreetmap,
2841,32.873292,35.087339,,,,,,,True,openstreetmap,
2842,32.873727,35.087432,,,,,,,True,openstreetmap,
2843,32.874167,35.087496,,,,,,,True,openstreetmap,
2844,32.874558,35.087535,,,,,,,True,openstreetmap,
2845,32.875028,35.087564,,,,,,,True,openstreetmap,
2846,32.873357,35.087922,,,,,,,True,openstreetmap,
2847,32.873756,35.088012,,,,,,,True,openstreetmap,
2848,32.874192,35.088075,,,,,,,True,openstreetmap,
2849,32.874626,35.088122,,,,,,,True,openstreetmap,
2850,32.875065,35.088144,,,,,,,True,openstreetmap,
2851,32.872699,35.085954,,,,,,,True,openstreetmap,
2852,32.873105,35.08606,,,,,,,True,openstreetmap,
2853,32.873528,35.086166,,,,,,,True,openstreetmap,
2854,32.873943,35.086252,,,,,,,True,openstreetmap,
2855,32.864676,35.080712,,,,,,,True,openstreetmap,
2856,32.879527,35.088897,,,,,,,True,openstreetmap,
2857,32.879253,35.090016,,,,,,,True,openstreetmap,
2858,32.878894,35.090118,,,,,,,True,openstreetmap,
2859,32.878399,35.090266,,,,,,,True,openstreetmap,
2860,32.864612,35.078243,,,,,,,True,openstreetmap,
2861,32.862488,35.078896,,,,,,,True,openstreetmap,
2862,32.862497,35.078303,,,,,,,True,openstreetmap,
2863,32.879999,35.08738,,,,,,,True,openstreetmap,
2864,32.87869,35.087197,,,,,,,True,openstreetmap,
2865,32.879244,35.085226,,,,,,,True,openstreetmap,
2866,32.879338,35.085604,,,,,,,True,openstreetmap,
2867,32.878811,35.085551,,,,,,,True,openstreetmap,
2868,32.879781,35.086331,,,,,,,True,openstreetmap,
2869,32.879654,35.086042,,,,,,,True,openstreetmap,
2870,32.8743,35.089273,,,,,,,True,openstreetmap,
2871,32.875016,35.089398,,,,,,,True,openstreetmap,
2872,32.87357,35.089295,,,,,,,True,openstreetmap,
2873,32.870395,35.081381,,,,,,,True,openstreetmap,
2874,32.87077,35.082754,,,,,,,True,openstreetmap,
2875,32.870493,35.083024,,,,,,,True,openstreetmap,
2876,32.87001,35.081741,,,,,,,True,openstreetmap,
2877,32.869447,35.082173,,,,,,,True,openstreetmap,
2878,32.86909,35.082481,,,,,,,True,openstreetmap,
2879,32.869674,35.083898,,,,,,,True,openstreetmap,
2880,32.870541,35.080997,,,,,,,True,openstreetmap,
2881,32.867447,35.086365,,,,,,,True,openstreetmap,
2882,32.869074,35.085706,,,,,,,True,openstreetmap,
2883,32.868905,35.084807,,,,,,,True,openstreetmap,
2884,32.866951,35.077794,,,,,,,True,openstreetmap,
2885,32.867108,35.078082,,,,,,,True,openstreetmap,
2886,32.866323,35.082657,,,,,,,True,openstreetmap,
2887,32.866348,35.081805,,,,,,,True,openstreetmap,
2888,32.867192,35.081372,,,,,,,True,openstreetmap,
2889,32.864973,35.083167,,,,,,,True,openstreetmap,
2890,32.864611,35.0829,,,,,,,True,openstreetmap,
2891,32.864349,35.082719,,,,,,,True,openstreetmap,
2892,32.864936,35.082093,,,,,,,True,openstreetmap,
2893,32.864299,35.083537,,,,,,,True,openstreetmap,
2894,32.864913,35.083782,,,,,,,True,openstreetmap,
2895,32.865236,35.083898,,,,,,,True,openstreetmap,
2896,32.863075,35.078219,,,,,,,True,openstreetmap,
2897,32.862968,35.077733,,,,,,,True,openstreetmap,
2898,32.863582,35.078548,,,,,,,True,openstreetmap,
2899,32.863075,35.078991,,,,,,,True,openstreetmap,
2900,32.86413,35.078707,,,,,,,True,openstreetmap,
2901,32.864472,35.086933,,,,,,,True,openstreetmap,
2902,32.865337,35.087634,,,,,,,True,openstreetmap,
2903,32.8772,35.087974,,,,,,,True,openstreetmap,
2904,32.877395,35.08919,,,,,,,True,openstreetmap,
2905,32.876722,35.087942,,,,,,,True,openstreetmap,
2906,32.663574,35.177009,,,,,,,True,openstreetmap,
2907,32.662993,35.176634,,,,,,,True,openstreetmap,
2908,32.659846,35.192635,,,,,,,True,openstreetmap,
2909,32.662908,35.192876,,,,,,,True,openstreetmap,
2910,32.672208,35.171698,,,,,,,True,openstreetmap,
2911,32.670858,35.169625,,,,,,,True,openstreetmap,
2912,32.670659,35.169406,,,,,,,True,openstreetmap,
2913,32.670255,35.16896,,,,,,,True,openstreetmap,
2914,32.670037,35.16874,,,,,,,True,openstreetmap,
2915,31.205932,35.015499,,,,,,,True,openstreetmap,
2916,31.20621,35.014912,,,,,,,True,openstreetmap,
2917,31.206838,35.02654,,,,,,,True,openstreetmap,
2918,31.208865,35.02834,,,,,,,True,openstreetmap,
2919,31.208934,35.029218,,,,,,,True,openstreetmap,
2920,31.204129,35.021203,,,,,,,True,openstreetmap,
2921,31.204394,35.021134,,,,,,,True,openstreetmap,
2922,31.203478,35.018041,,,,,,,True,openstreetmap,
2923,31.202916,35.015916,,,,,,,True,openstreetmap,
2924,31.209787,35.032104,,,,,,,True,openstreetmap,
2925,31.210642,35.032051,,,,,,,True,openstreetmap,
2926,33.285627,35.688792,,,,,,,True,openstreetmap,
2927,33.285138,35.689804,,,,,,,True,openstreetmap,
2928,33.277107,35.687681,,,,,,,True,openstreetmap,
2929,33.317929,35.803615,,,,,,,True,openstreetmap,
2930,33.317919,35.802678,,,,,,,True,openstreetmap,
2931,33.304572,35.797832,,,,,,,True,openstreetmap,
2932,33.304652,35.799234,,,,,,,True,openstreetmap,
2933,33.303128,35.796605,,,,,,,True,openstreetmap,
2934,33.301275,35.78663,,,,,,,True,openstreetmap,
2935,33.300796,35.786286,,,,,,,True,openstreetmap,
2936,33.301147,35.785913,,,,,,,True,openstreetmap,
2937,33.3007,35.785816,,,,,,,True,openstreetmap,
2938,33.301509,35.786915,,,,,,,True,openstreetmap,
2939,33.301215,35.786957,,,,,,,True,openstreetmap,
